language,task,model,example_id,input,prediction,regex_scorer,human_label,judge_label
fa,last_word,SmolLM2-1_7B-Instruct,23,"آخرین کلمهٔ جملهٔ ""به حضار اعلام کرد که بزودی ازدواج خواهد کرد"" چیست؟","آخرین کلمهٔ جملهٔ ""به حضار ا",0,0,
fa,word_containing,Llama-3_2-3B-Instruct,42,کلمه‌ای بنویس با استفاده از حرف «د»,دست,1,1,
fa,all_words_from_category_0_distractors,EuroLLM-1_7B-Instruct,1984,"آیا همه کلمات ""دریل"", ""اره"", ""قیچی"", ""داس"" و ""تراز"" نشان‌دهنده ابزارها هستند؟ به «بله» یا «خیر» پاسخ دهید.","بیشتری کلمات ""دریل"", ""اره"", ""قیچی"", ""داس"" و ""تراز""",0,0,
fa,first_alphabetically_far_first_letter,Llama-3_1-8B-Instruct,443,"به ترتیب حروف الفبا، کدام یک از کلمات ""لمسیدن"" و ""آشکار"" اول می‌آید؟","in ""لمسیدن"" حرف ""ل"" و در ""آشکار"" حرف ""ا"" اول می‌آید.",0,0,
fa,any_words_from_category_5_distractors,SmolLM2-1_7B-Instruct,101,"آیا هیچ یک از کلمات ""مقنعه"", ""سرمایه"", ""حجم"", ""ماجراجویی"" و ""کراوات"" از نوع زندگی هستند؟ با «بله» یا «خیر» پاسخ دهید.",بله.,0,0,
fa,sentence_not_containing,ZharfaOpen-0309,2002,"یک جمله بنویس که کلمه ""پیاده‌روی"" را نداشته باشد",امروز برای تمرین کردن پیاده‌روی,0,0,
fa,first_letter,gemma-3-4b,997,"کلمه ""کوهستان"" با کدام حرف شروع می‌شود؟",ک,1,1,
fa,first_alphabetically_different_first_letter,ZharfaOpen-0309,816,"به ترتیب حروف الفبا، کدام یک از کلمات ""عبا"" و ""خوشحال"" اول می‌آید؟",خوشحال,1,1,
fa,less_letters,SmolLM2-360M-Instruct,1721,"کدام کلمه کوتاه‌تر است، ""کاهش"" یا ""لغزیدن""؟",یک دستیار مفید هستید. کوتاه و در,0,0,
fa,any_words_from_category_4_distractors,salamandra-2b-instruct,1553,"آیا هیچ یک از کلمات ""اتو"", ""سالمند"", ""استودیو"", ""نظام"" و ""صفت"" نشان دهنده دسته‌های دستوری هستند؟ با «بله» یا «خیر» پاسخ دهید.",ustamata,0,0,
fa,least_associated_word,SmolLM2-1_7B-Instruct,722,"از بین کلمات ""خانه"", ""دوازده"", ""تخت"", ""درب"" و ""پنجره""، کدام کلمه کمترین ارتباط را با ""خانه"" دارد؟","""خانه"" در حقیقت در حلقه های زیر",0,0,
fa,last_letter,salamandra-2b-instruct,2612,"آخرین حرف کلمه ""ارتفاع"" را بنویسید",ustamata,0,0,
fa,word_before,Llama-3_2-3B-Instruct,2916,"در جمله ""جعبه آنقدر سنگین بود که حتی نتوانستم آنرا یک اینچ حرکت بدهم"" کدام کلمه درست قبل از ""حتی"" آمده است؟","در این جمله کلمه ""نتوانستم"" درست قبل از ""حتی"" آمده است.",0,0,
fa,ends_with_letter,Llama-3_2-3B-Instruct,20,"کلمه ای بنویسید که به حرف ""غ"" ختم شود",غذا,0,0,
fa,first_word,SmolLM2-360M-Instruct,2,"اولین کلمهٔ جملهٔ ""خلاصهای از این داستان را بنویسید"" چیست؟","اولین کلمهٔ جملهٔ ""خلاصهای ا",0,0,
fa,any_words_from_category_3_distractors,Llama-3_1-8B-Instruct,2095,"آیا لیست [""پدربزرگ"", ""ژاکت"", ""هاکی"", ""زرشکی"", ""قهوه‌ای""] شامل هیچ رنگ‌ها است؟ با «بله» یا «خیر» پاسخ دهید",inخیر,0,0,
fa,sentence_not_containing,EuroLLM-1_7B-Instruct,433,"یک جمله بنویس که شامل کلمه ""پروانه"" نباشد",شما یک دستیار مفید هستید. کوتاه و درست پاسخ دهی,1,0,
fa,sentence_not_containing,SmolLM2-360M-Instruct,1163,"یک جمله بدون استفاده از کلمه ""خط‌کش"" بنویس","یک جمله بدون استفاده از کلمه ""خ",1,0,
fa,any_words_from_category_5_distractors,salamandra-2b-instruct,817,"آیا هیچ یک از کلمات ""بیلیارد"", ""یوگا"", ""اسنوبورد"", ""کاپشن"" و ""آموزشگاه"" از نوع سازها هستند؟ با «بله» یا «خیر» پاسخ دهید.",ustamata,0,0,
fa,more_letters,Qwen2_5-3B-Instruct,2814,"از بین کلمات ""کولر"" و ""دریاچه"" کدام یک حروف بیشتری دارد؟",کولر,0,0,
fa,word_containing,ZharfaOpen-0309,55,کلمه‌ای بنویس با استفاده از حرف «ق»,قلم.,1,1,
fa,less_letters_length_diff_3plus,gemma-3-1b,2716,"از بین کلمات ""فروشگاه"" و ""گونه"" کدام یک حروف کمتری دارد؟","""فروشگاه""",0,0,
fa,any_words_from_category_3_distractors,Llama-3_1-8B-Instruct,474,"آیا هیچ یک از کلمات ""اقتصادی"", ""چشم"", ""تراز"", ""بیل"" و ""جلو"" از نوع ابزارها هستند؟ با «بله» یا «خیر» پاسخ دهید.","in ""بیل"" از نوع ابزارها است.",0,0,
fa,any_words_from_category_3_distractors,salamandra-2b-instruct,2025,"آیا لیست [""مردم"", ""زن"", ""زرد"", ""عرض"", ""همکاری""] شامل هیچ جامعه است؟ با «بله» یا «خیر» پاسخ دهید",ustamata,0,0,
fa,any_words_from_category,Llama-3_2-3B-Instruct,2856,"آیا لیست [""سرعت"", ""شال"", ""پر"", ""پیراهن"", ""ماما""] شامل هیچ مردم است؟ با «بله» یا «خیر» پاسخ دهید",(خیر),1,1,
fa,first_letter,SmolLM2-1_7B-Instruct,2138,"حرف اول کلمه ""خوشمزه"" را بنویسید",من با هر کلمه خوشمزه درست دارم,0,0,
fa,more_letters_length_diff_3plus,ZharfaOpen-0309,1136,"کدام کلمه حروف بیشتری دارد، ""مؤدبانه"" یا ""نقره""؟","کلمه ""نقره"" حروف بیشتری دارد.",0,0,
fa,most_associated_word,Qwen2_5-3B-Instruct,1337,"از بین کلمات ""پسر"", ""نازک"", ""همسر"", ""پدربزرگ"" و ""مادر"" کدام کلمه بیشترین ارتباط را با کلمه ""صفت‌های شکل و اندازه"" دارد؟",نازک,1,1,
fa,word_before,Qwen2_5-1_5B-Instruct,1454,"در جمله ""او در قتل شریک جرم بود""، کدام کلمه بلافاصله قبل از کلمه ""جرم"" آمده است؟","در جمله ""او در قتل شریک جرم بود""، کلمه ""در"" بلافاصله قبل از",0,0,
fa,first_letter,gemma-3-1b,2682,"حرف اول کلمه ""مکانیک"" را بنویسید",مکانیک,0,0,
fa,any_words_from_category_4_distractors,Llama-3_2-3B-Instruct,519,"آیا هیچ یک از کلمات ""پرنده"", ""تبعیض"", ""سه‌تار"", ""زرافه"" و ""تولید"" از نوع سازها هستند؟ با «بله» یا «خیر» پاسخ دهید.",(خیر),0,0,
fa,any_words_from_category_3_distractors,ZharfaOpen-0309,2245,"آیا لیست [""نی"", ""پادگان"", ""نقاش"", ""مغازه"", ""سطح""] شامل هیچ محل‌های کار است؟ با «بله» یا «خیر» پاسخ دهید",بله.,1,1,
fa,less_letters,salamandra-2b-instruct,331,"کدام کلمه حروف کمتری دارد، ""لگن"" یا ""زندگی""؟",ustamata,0,0,
fa,word_containing,gemma-3-4b,29,کلمه‌ای بنویس که شامل حرف «چ» باشد,چشم,1,1,
fa,ends_with_word,SmolLM2-1_7B-Instruct,1866,"جمله‌ای بنویسید که آخرین کلمه آن ""ویلچر"" باشد:",ویلچر است.,0,0,
fa,rhyming_word,Qwen2_5-1_5B-Instruct,1062,"کدام‌ یک با کلمه ""جوشکار"" هم قافیه است، ""فرهنگی"" یا ""برقکار"" ؟","""فرهنگی"" هم قافیه است.",0,0,
fa,more_letters,SmolLM2-1_7B-Instruct,1884,"کدام کلمه حروف بیشتری دارد، ""ماسه"" یا ""گوش""؟",ماسه و گوش همان کلمه حروف بیشتر,0,0,
fa,word_not_containing,EuroLLM-1_7B-Instruct,74,"کلمه‌ای بنویس که حرف «خ» را نداشته باشد:
","بینویس که حرف «خ» را نداشته باشد، که حرف «خ» را",0,0,
fa,word_before,EuroLLM-1_7B-Instruct,1300,"در جمله ""زبانهای خارجی بخشی از تحصیلات تربیتی را تشکیل میداد""، کدام کلمه بلافاصله قبل از کلمه ""را"" آمده است؟",شما یک دستیار مفید هستید. کوتاه و درست پاسخ دهی,0,0,
fa,all_words_from_category_1_distractors,Llama-3_2-3B-Instruct,1416,"آیا همه کلمات ""پنجره"", ""کوهستان"", ""کوه"", ""طبیعت"" و ""جنگل"" نشان‌دهنده جغرافیا هستند؟ به «بله» یا «خیر» پاسخ دهید.",(خیر),1,1,
fa,all_words_from_category_0_distractors,SmolLM2-1_7B-Instruct,282,"آیا همه کلمات ""دفتر"", ""پنجره"", ""اتاق"", ""میز"" و ""خانه"" از نوع خانه هستند؟ به «بله» یا «خیر» پاسخ دهید.",بله.,1,0,
fa,all_words_from_category_2_distractors,SmolLM2-1_7B-Instruct,2579,"آیا لیست [""پادگان"", ""خط"", ""نصف"", ""لبه"", ""مرغ""] فقط شامل فضا و کمیت است؟ به «بله» یا «خیر» پاسخ دهید.",بله.,0,0,
fa,more_letters,gemma-3-1b,2537,"از بین کلمات ""سمت"" و ""منحصراً"" کدام یک حروف بیشتری دارد؟","""منحصراً"" حروف بیشتری دارد.",0,1,
fa,ends_with_letter,Qwen2_5-3B-Instruct,43,"کلمه ای بنویسید که آخرین حرف آن ""ذ"" باشد",ذکر,0,1,
fa,word_not_containing,SmolLM2-360M-Instruct,54,"کلمه‌ای بنویس بدون استفاده از حرف «ف»:
",شما یک دستیار مفید هستید. کوتا,0,0,
fa,first_alphabetically_different_first_letter,SmolLM2-360M-Instruct,1233,"به ترتیب حروف الفبا، کدام کلمه اول می‌آید، ""ساردین"" یا ""پذیرایی""؟","به ترتیب حروف الفبا، کدام کلمه ا",0,0,
fa,any_words_from_category,salamandra-2b-instruct,111,"آیا هیچ یک از کلمات ""نیروگاه"", ""گچ"", ""پذیرایی"", ""دمپایی"" و ""برقکار"" از نوع حیوانات هستند؟ با «بله» یا «خیر» پاسخ دهید.",با «بله» یا «خیر» پاسخ,0,0,
fa,word_after,Llama-3_1-8B-Instruct,2008,"در جملهٔ «ثروتی که از خود باقی گذاشت»، کدام کلمه بلافاصله بعد از «ثروتی» می‌آید؟","in کلمه ""ثروتی"" بلافاصله بعد از ""که"" می‌آید.",0,0,
fa,ends_with_word,SmolLM2-360M-Instruct,2362,"جمله‌ای بنویسید که با ""فرهنگ"" تمام شود:","جمله‌ای بنویسید که با ""فرهنگ"" ت",0,0,
fa,less_letters_length_diff_1,ZharfaOpen-0309,2136,"از بین کلمات ""مالکیت"" و ""فرضاً"" کدام یک حروف کمتری دارد؟",مالکیت حروف کمتری دارد.,0,0,
fa,most_associated_word,EuroLLM-1_7B-Instruct,1961,"از بین کلمات ""پنج"", ""سه"", ""طبل"", ""هشت"" و ""نه"" کدام کلمه بیشترین ارتباط را با کلمه ""سازها"" دارد؟","از بین کلمات ""پنج"", ""سه"", ""طبل"", ""هشت"" و ""نه"" کدام",0,0,
fa,first_alphabetically_same_first_letter,gemma-3-1b,2843,"از کلمات ""لمسیدن"" و ""لباس""، کدام کلمه به ترتیب حروف الفبا اول می‌آید؟",لباس,1,1,
fa,smaller_number,Qwen2_5-3B-Instruct,2223,"از بین اعداد 810 و 529، عدد کوچکتر را بنویسید",529,1,1,
fa,ends_with_letter,salamandra-2b-instruct,2,"کلمه ای بنویسید که به حرف ""ا"" ختم شود",ustamata,0,0,
fa,word_containing,SmolLM2-1_7B-Instruct,19,کلمه‌ای بنویس که شامل حرف «ع» باشد,من با همین حرف «ع» باشم.,0,0,
fa,first_letter,SmolLM2-360M-Instruct,1125,"کلمه ""جدی"" با کدام حرف شروع می‌شود؟",یک دستیار مفید هستید. کوتاه و در,0,0,
fa,sentence_containing,SmolLM2-360M-Instruct,1356,"یک جمله با استفاده از کلمه ""خبرنگار"" بنویس","یک جمله با استفاده از کلمه ""خبرن",1,0,
fa,all_words_from_category_1_distractors,EuroLLM-1_7B-Instruct,1146,"آیا همه کلمات ""اجاق‌"", ""دولت"", ""کولر"", ""هود"" و ""ظرفشویی"" نشان‌دهنده لوازم خانگی هستند؟ به «بله» یا «خیر» پاسخ دهید.","آیا همه کلمات ""اجاق‌"", ""دولت"", ""کولر"", ""هود"" و ""ظرفشو",0,0,
fa,all_words_from_category_0_distractors,Llama-3_1-8B-Instruct,899,"آیا همه کلمات ""کفش"", ""جامه"", ""دامن"", ""لباس"" و ""مقنعه"" از نوع پوشاک هستند؟ به «بله» یا «خیر» پاسخ دهید.",in affirmative.,0,0,
fa,sentence_not_containing,gemma-3-1b,1361,"یک جمله بدون استفاده از کلمه ""گوجه"" بنویس",سبزیجات دودی است.,1,1,
fa,starts_with_letter,ZharfaOpen-0309,20,"کلمه ای بنویسید که با حرف ""غ"" شروع شود:",گربه,0,0,
fa,first_alphabetically_different_first_letter,Qwen2_5-1_5B-Instruct,1144,"به ترتیب حروف الفبا، کدام کلمه اول می‌آید، ""فیل"" یا ""صنعت""؟",فیل,0,0,
fa,first_letter,Llama-3_1-8B-Instruct,677,"حرف اول کلمه ""به"" چیست؟",in,0,0,
fa,first_word,SmolLM2-1_7B-Instruct,102,"اولین کلمهٔ جملهٔ ""کسب و کار خودم را دارم"" چیست؟","""کسب و کار خودم را دارم"" از دست",0,0,
fa,last_word,Llama-3_2-3B-Instruct,605,"آخرین کلمهٔ جملهٔ ""مته ضربه ای درحفاری"" چیست؟",(حفاری),0,1,
fa,last_letter,gemma-3-1b,283,"آخرین حرف کلمه ""انبردست"" چیست؟",د.,0,0,
fa,less_letters_length_diff_3plus,Llama-3_1-8B-Instruct,2943,"از بین کلمات ""زن"" و ""عنکبوت"" کدام یک حروف کمتری دارد؟","کلمه ""عنکبوت"" حروف کمتری دارد.",0,0,
fa,starts_with_word,EuroLLM-1_7B-Instruct,112,"جمله‌ای بنویسید که اولین کلمه آن ""پرسیدن"" باشد",شما یک دستیار مفید هستید. کوتاه و درست پاسخ دهی,0,0,
fa,starts_with_word,Llama-3_1-8B-Instruct,71,"جمله‌ای بنویسید که اولین کلمه آن ""هشت"" باشد","هشت سال پیش، زندگی من تغییر کرد.",1,1,
fa,first_alphabetically_far_first_letter,SmolLM2-360M-Instruct,58,"به ترتیب حروف الفبا، کدام یک از کلمات ""ژاکت"" و ""زیاد"" اول می‌آید؟","به ترتیب حروف الفبا، کدام یک از",0,0,
fa,ends_with_word,salamandra-2b-instruct,627,"جمله‌ای بنویسید که با کلمه ""بالغ"" تمام شود:",آن از طعق حذف صدا بي,0,0,
fa,ends_with_letter,Qwen2_5-1_5B-Instruct,84,"کلمه ای بنویسید که به ""ظ"" ختم شود",عجیب,0,0,
fa,sentence_containing,gemma-3-4b,908,"یک جمله بنویس که شامل کلمه ""موج‌سواری"" باشد",او در موج‌سواری مهارت داشت و با آرامش روی امواج دریا می‌رقصید.,1,1,
fa,rhyming_word_orthographically_similar,ZharfaOpen-0309,893,"کدام کلمه با کلمه ""حتماً"" هم قافیه است، ""نسبتاً"" یا ""سفید"" ؟","کلمه ""سفید"" با کلمه ""حتماً"" هم قا",0,0,
fa,last_word,Qwen2_5-1_5B-Instruct,1689,"در جملهٔ ""بوتسوانا""، آخرین کلمه چیست؟","آخرین کلمه در جملهٔ ""بوتسوانا"" یک ""ا"" است.",0,0,
fa,first_alphabetically_consecutive_first_letter,EuroLLM-1_7B-Instruct,2817,"از کلمات ""زانو"" و ""سرد""، کدام کلمه به ترتیب حروف الفبا اول می‌آید؟","از کلمات ""زانو"" و ""سرد""، کدام کلمه به ترتیب حروف الفبا اول",0,0,
fa,word_containing,EuroLLM-1_7B-Instruct,36,کلمه‌ای بنویس با استفاده از حرف «ب»,"بینویس (بالفارسية: بنویس) هي قبيلة عربية من قبائل العرب البائدة، وهم من",0,0,
fa,starts_with_letter,Llama-3_1-8B-Instruct,88,"کلمه ای بنویسید که با ""ق"" شروع شود:","کلمه ""قهرمان"" با حرف ""ق"" شروع می‌شود.",0,1,
fa,less_letters_length_diff_1,salamandra-2b-instruct,1100,"کدام کلمه کوتاه‌تر است، ""پیر"" یا ""تا""؟",با اصلاح آنها کيتاه‌,0,0,
fa,all_words_from_category_0_distractors,Qwen2_5-1_5B-Instruct,2237,"آیا لیست [""رودخانه"", ""غار"", ""قاره"", ""دریاچه"", ""جنگل""] فقط شامل جغرافیا است؟ به «بله» یا «خیر» پاسخ دهید.",خیر,0,0,
fa,all_words_from_category_1_distractors,salamandra-2b-instruct,490,"آیا همه کلمات ""همکاری"", ""بازار"", ""اقتصاد"", ""ارزش"" و ""رسوم"" از نوع جامعه هستند؟ به «بله» یا «خیر» پاسخ دهید.",ustamata,0,0,
fa,more_letters,ZharfaOpen-0309,989,"کدام کلمه طولانی‌تر است، ""قناد"" یا ""فرودگاه""؟","کلمه ""فرودگاه"" طولانی‌تر است.",0,1,
fa,ends_with_letter,SmolLM2-360M-Instruct,44,"کلمه ای بنویسید که آخرین حرف آن ""ر"" باشد",یک دستیار مفید هستید. کوتاه و در,0,0,
fa,less_letters,ZharfaOpen-0309,2427,"از بین کلمات ""پوست"" و ""همبستگی"" کدام یک حروف کمتری دارد؟","کلمه ""همبستگی"" حروف کمتری دارد.",0,0,
fa,most_associated_word,Llama-3_2-3B-Instruct,159,"از بین کلمات ""حلزون"", ""بانو"", ""پرنده"", ""خرچنگ"" و ""گوسفند""، کدام کلمه بیشترین ارتباط را با ""مردم"" دارد؟",(گوسفند),0,0,
fa,first_alphabetically_consecutive_first_letter,gemma-3-1b,2747,"از کلمات ""ضرر"" و ""طلا""، کدام کلمه به ترتیب حروف الفبا اول می‌آید؟",طلا,0,0,
fa,bigger_number,SmolLM2-360M-Instruct,1395,"از بین اعداد 571 و 984، کدام بزرگتر است؟",یک دستیار مفید هستید. کوتاه و در,0,0,
fa,last_word,ZharfaOpen-0309,128,"آخرین کلمهٔ جملهٔ ""از این که کتابهایش محبوبیت داشت به خود میبالید"" چیست؟","کلمهٔ آخر جمله ""از این که کتابها",0,0,
fa,all_words_from_category,ZharfaOpen-0309,1553,"آیا همه کلمات ""طلایی"", ""صورتی"", ""قهوه‌ای"", ""بنفش"" و ""سمت"" نشان‌دهنده رنگ‌ها هستند؟ به «بله» یا «خیر» پاسخ دهید.",بله.,0,0,
fa,any_words_from_category_5_distractors,EuroLLM-1_7B-Instruct,1373,"آیا هیچ یک از کلمات ""گلف"", ""پنل"", ""شکم"", ""معامله"" و ""شلوار"" نشان دهنده جغرافیا هستند؟ با «بله» یا «خیر» پاسخ دهید.","بیان:

هیچ یک از کلمات ""گلف"", ""پنل"", ""شکم"", """,0,0,
fa,any_words_from_category,Qwen2_5-3B-Instruct,2768,"آیا لیست [""انسان"", ""پشت"", ""قاضی"", ""خرید"", ""نیلی""] شامل هیچ بدن انسان است؟ با «بله» یا «خیر» پاسخ دهید",خیر,0,1,
fa,last_letter,gemma-3-4b,1767,"کلمه ""دندانپزشک"" به کدام حرف ختم می‌شود؟",ک - دندانپزشک,0,1,
fa,starts_with_word,Qwen2_5-3B-Instruct,142,"جمله‌ای بنویسید که با ""مثل"" شروع شود","مثل نهاده‌ها، انسان‌ها همچنین می‌توانند تغییر کنند.",1,1,
fa,any_words_from_category_5_distractors,gemma-3-1b,2376,"آیا لیست [""ثانیه"", ""شرکت"", ""ساردین"", ""دایی"", ""تولد""] شامل هیچ بلایای طبیعی است؟ با «بله» یا «خیر» پاسخ دهید",خیر,1,1,
fa,starts_with_word,gemma-3-1b,8,"جمله‌ای بنویسید که با کلمه ""هشت"" شروع شود",هشتاد و یک میلیون و سیصد هزار و یکصد هزار و یکصد هزار و یکصد هزار و یکصد هزار و یکصد هزار و یک,0,0,
fa,less_letters,Llama-3_1-8B-Instruct,2740,"از بین کلمات ""معده"" و ""جمعیت"" کدام یک حروف کمتری دارد؟","کلمه ""معده"" حروف کمتری دارد.",0,1,
fa,word_containing,EuroLLM-1_7B-Instruct,43,کلمه‌ای بنویس با استفاده از حرف «ذ»,بینویس با استفاده از حرف «ذ» یک دستیار مفید هستید,0,0,
fa,most_associated_word,Llama-3_1-8B-Instruct,2011,"از بین کلمات زیر، کلمه‌ای را که بیشترین ارتباط را با کلمه ""قیدهای احتمال"" دارد انتخاب کنید - ""به‌راحتی"", ""نزدیک"", ""  میان"", "" مقابل"", ""وسط""","in ""قیدهای احتمال"" کلمه ""میان"" بیشترین ارتباط را دارد.",0,0,
fa,first_alphabetically,SmolLM2-1_7B-Instruct,2306,"از کلمات ""ویژه"" و ""شورت""، کدام کلمه به ترتیب حروف الفبا اول می‌آید؟",کدام کلمه به ترتیب حروف الفبا اول م,0,0,
fa,last_letter,EuroLLM-1_7B-Instruct,2856,"آخرین حرف کلمه ""زندگی"" را بنویسید","آخرین حرف کلمه ""زندگی"" را بنویسید.

آخرین حرف",0,0,
fa,homophones,ZharfaOpen-0309,500,"از بین دو کلمه ""مداد"" و ""غذا""، کدام یک صدایش بیشتر شبیه ""قضا"" است؟","صدای ""مداد"" بیشتر شبیه ""قضا"" است.",0,0,
fa,smaller_number,Llama-3_2-3B-Instruct,2213,"از بین اعداد 306 و 374، عدد کوچکتر را بنویسید",306,1,1,
fa,first_alphabetically_different_first_letter,Llama-3_2-3B-Instruct,1985,"به ترتیب حروف الفبا، کدام کلمه اول می‌آید، ""لمسیدن"" یا ""پر""؟",(L),0,0,
fa,rhyming_word_orthographically_similar,Llama-3_1-8B-Instruct,1434,"کدام‌ یک با کلمه ""اداره"" هم قافیه است، ""پنجره"" یا ""پختن"" ؟","in ""اداره"" با ""پنجره"" هم قافیه است.",0,1,
fa,word_not_containing,Llama-3_2-3B-Instruct,46,"کلمه‌ای بنویس بدون استفاده از حرف «س»:
",تلفن,1,1,
fa,first_word,SmolLM2-360M-Instruct,1245,"در جملهٔ ""رسمی که هنوز میان ما رواج دارد""، اولین کلمه چیست؟","در جملهٔ ""رسمی که هنوز میان ما رو",0,0,
fa,first_alphabetically,salamandra-2b-instruct,1945,"به ترتیب حروف الفبا، کدام کلمه اول می‌آید، ""گلبهی"" یا ""جهت""؟",ustamata,0,0,
fa,more_letters_length_diff_1,Qwen2_5-1_5B-Instruct,336,"کدام کلمه طولانی‌تر است، ""اردیبهشت"" یا ""کیلومتر""؟","کلمه ""کیلومتر"" طولانی‌تر است.",0,0,
fa,sentence_containing,Llama-3_2-3B-Instruct,1439,"یک جمله با استفاده از کلمه ""جلو"" بنویس","او با توجه به اینکه او در حال کار بود، به‌جای جلوی کارش را می‌زد.",0,1,
fa,homophones,Llama-3_2-3B-Instruct,626,"از بین دو کلمه ""فنجان"" و ""معمور""، کدام یک صدایش بیشتر شبیه ""مامور"" است؟","کلمه ""معمور"" صدایش بیشتر شبیه ""مامور"" است.",0,1,
fa,smaller_number,Llama-3_1-8B-Instruct,51,"کدام عدد کوچکتر است، 721 یا 474؟",474 کوچکتر از 721 است.,0,1,
fa,all_words_from_category,EuroLLM-1_7B-Instruct,2087,"آیا لیست [""متمم"", ""اسم"", ""قید"", ""کراوات"", ""معلوم""] فقط شامل دسته‌های دستوری است؟ به «بله» یا «خیر» پاسخ دهید.","بیشتری آیا لیست [""متمم"", ""اسم"", ""قید"", ""کراوات"", """,0,0,
fa,word_containing,Qwen2_5-1_5B-Instruct,72,کلمه‌ای بنویس که حرف «ج» را داشته باشد,جشنواره,1,1,
fa,any_words_from_category_5_distractors,gemma-3-4b,2782,"آیا لیست [""کاهو"", ""قاضی"", ""خلیج"", ""فلفل"", ""خانوادگی""] شامل هیچ رنگ‌ها است؟ با «بله» یا «خیر» پاسخ دهید",خیر,1,1,
fa,first_alphabetically,gemma-3-1b,2568,"از کلمات ""بدهی"" و ""خرگوش""، کدام کلمه به ترتیب حروف الفبا اول می‌آید؟",خرگوش,0,0,
fa,starts_with_word,salamandra-2b-instruct,80,"جمله‌ای بنویسید که اولین کلمه آن ""داشتن"" باشد",ustamata,0,0,
fa,first_alphabetically_same_first_letter,Qwen2_5-3B-Instruct,518,"به ترتیب حروف الفبا، کدام یک از کلمات ""آموزشگاه"" و ""آهن"" اول می‌آید؟",آموزشگاه,1,1,
fa,bigger_number,ZharfaOpen-0309,1664,"از بین اعداد 592 و 653، کدام بزرگتر است؟",653 بزرگتر از 592 است.,0,1,
fa,first_alphabetically_far_first_letter,salamandra-2b-instruct,1214,"به ترتیب حروف الفبا، کدام کلمه اول می‌آید، ""خصوصی"" یا ""قنادی""؟",ustamata,0,0,
fa,more_letters_length_diff_3plus,gemma-3-1b,1847,"کدام کلمه حروف بیشتری دارد، ""رگ"" یا ""فرهنگی""؟","""فرهنگی""",1,1,
fa,most_associated_word,Qwen2_5-1_5B-Instruct,1863,"از بین کلمات ""روی"", ""خواهرزاده"", ""مثل"", ""با"" و ""درباره"" کدام کلمه بیشترین ارتباط را با کلمه ""خانواده"" دارد؟","کلمه ""خواهرزاده"" بیشترین ارتباط را با کلمه ""خانواده""",0,1,
fa,any_words_from_category_3_distractors,Llama-3_2-3B-Instruct,1321,"آیا هیچ یک از کلمات ""کارگر"", ""صندلی"", ""زیرپوش"", ""یخچال"" و ""ورودی"" نشان دهنده خانه هستند؟ با «بله» یا «خیر» پاسخ دهید.",(خیر),0,0,
fa,first_alphabetically_consecutive_first_letter,SmolLM2-1_7B-Instruct,1113,"به ترتیب حروف الفبا، کدام کلمه اول می‌آید، ""هاکی"" یا ""نشستن""؟",هاکی.,0,0,
fa,rhyming_word_orthographically_similar,SmolLM2-1_7B-Instruct,1442,"کدام‌ یک با کلمه ""پرنده"" هم قافیه است، ""فشرده"" یا ""درون"" ؟","کدام‌ یک با کلمه ""پرنده"" هم ق",0,0,
fa,sentence_not_containing,Llama-3_1-8B-Instruct,1553,"یک جمله بدون استفاده از کلمه ""ششم"" بنویس","در تقویم میلادی، ماه ژوئن ماهی است که در سال‌های غیرم磕بعه، بیست و یکمین ماه سال است و در",1,1,
fa,bigger_number,Qwen2_5-3B-Instruct,1377,"از بین اعداد 427 و 866، کدام بزرگتر است؟",866 بزرگتر از 427 است.,0,1,
fa,bigger_number,EuroLLM-1_7B-Instruct,567,"کدام عدد بزرگتر است، 538 یا 370؟",بین 538 و 370 عددی است. 370 عددی است.,0,0,
fa,sentence_containing,Llama-3_2-3B-Instruct,2628,"یک جمله بنویس که کلمه ""صاعقه"" را در بر داشته باشد",صاعقه در طول تاریخ به عنوان یک پدیده طبیعی وSymbol قدرت و قدرت الهی در بسیاری از cultures و دینیات مورد توجه قرار گرفته,1,1,
fa,word_before,gemma-3-4b,2724,"در جمله ""رفع دلواپسی و دردسر کسی"" کدام کلمه درست قبل از ""دردسر"" آمده است؟",دلواپسی,0,1,
fa,rhyming_word_orthographically_similar,Qwen2_5-1_5B-Instruct,2744,"از بین کلمات ""گاهی"" و ""تالاب""، کدام یک با ""ماهی"" هم قافیه است؟","""گاهی"" با ""ماهی"" هم قافیه است.",0,1,
fa,last_letter,Qwen2_5-3B-Instruct,1810,"کلمه ""متفاوت"" به کدام حرف ختم می‌شود؟",متفاوتی,0,0,
fa,first_alphabetically_different_first_letter,gemma-3-4b,2949,"از کلمات ""خاک"" و ""ناخن""، کدام کلمه به ترتیب حروف الفبا اول می‌آید؟","خاک، ناخن",0,0,
fa,any_words_from_category,gemma-3-4b,1017,"آیا هیچ یک از کلمات ""متر"", ""اعتبار"", ""‌لباسشویی"", ""متر"" و ""پسر"" نشان دهنده خانواده هستند؟ با «بله» یا «خیر» پاسخ دهید.",خیر,0,0,
fa,all_words_from_category_1_distractors,SmolLM2-1_7B-Instruct,97,"آیا همه کلمات ""ورودی"", ""دانشگاه"", ""خانه"", ""ساختمان"" و ""دفتر"" از نوع خانه هستند؟ به «بله» یا «خیر» پاسخ دهید.",بله.,0,1,
fa,word_after,gemma-3-1b,978,"در جمله ""بیمار را از بیمارستان مرخص کردن""،کدام کلمه درست بعد از کلمه ""بیمار"" آمده است؟",مرخص کردن.,0,0,
fa,less_letters_length_diff_3plus,SmolLM2-1_7B-Instruct,1598,"کدام کلمه کوتاه‌تر است، ""پژوهشگر"" یا ""جدی""؟","""پژوهشگر"" است.",0,0,
fa,all_words_from_category_1_distractors,Llama-3_2-3B-Instruct,1780,"آیا همه کلمات ""دندانپزشک"", ""افسر"", ""مدیر"", ""دوچرخه"" و ""جوشکار"" نشان‌دهنده مشاغل هستند؟ به «بله» یا «خیر» پاسخ دهید.",خیر,1,1,
fa,ends_with_word,SmolLM2-360M-Instruct,1578,"جمله‌ای بنویسید که آخرین کلمه آن ""قید"" باشد:",جمله‌ای بنویسید که آخرین کلم,0,0,
fa,starts_with_letter,gemma-3-1b,17,"کلمه ای بنویسید که با حرف ""ط"" شروع شود:",طبیعاً.,0,1,
fa,most_associated_word,SmolLM2-1_7B-Instruct,495,"از بین کلمات ""مهره"", ""آرنج"", ""شاید"", ""شکم"" و ""انگشت""، کدام کلمه بیشترین ارتباط را با ""قیدهای احتمال"" دارد؟",مهره در حالی که در حالتی که در ح,0,0,
fa,less_letters,gemma-3-4b,2633,"از بین کلمات ""چوب"" و ""او"" کدام یک حروف کمتری دارد؟",چوب,0,0,
fa,less_letters,Llama-3_2-3B-Instruct,652,"کدام کلمه حروف کمتری دارد، ""خدمات"" یا ""کیلومتر""؟",(خدمات),1,1,
fa,first_alphabetically_same_first_letter,SmolLM2-1_7B-Instruct,2873,"از کلمات ""صادقانه"" و ""صورت""، کدام کلمه به ترتیب حروف الفبا اول می‌آید؟",کدام کلمه به ترتیب حروف الفبا اول م,0,0,
fa,all_words_from_category_0_distractors,SmolLM2-360M-Instruct,2290,"آیا لیست [""پشت"", ""ساعد"", ""شانه"", ""پیشانی"", ""عضله""] فقط شامل بدن انسان است؟ به «بله» یا «خیر» پاسخ دهید.",یک دستیار مفید هستید. کوتاه و در,0,0,
fa,last_letter,gemma-3-4b,1492,"کلمه ""فوراً"" به کدام حرف ختم می‌شود؟",ا,0,0,
fa,last_letter,SmolLM2-1_7B-Instruct,1341,"کلمه ""مسی"" به کدام حرف ختم می‌شود؟","کلمه ""مسی"" به حرف ""م"" ختم می‌شود.",0,0,
fa,first_word,SmolLM2-1_7B-Instruct,735,"اولین کلمهٔ جملهٔ ""رمانی را به عرش رساندن"" چیست؟","""رمانی را به عرش رساندن"" به عنوان یک",0,0,
fa,all_words_from_category_1_distractors,Qwen2_5-1_5B-Instruct,2025,"آیا لیست [""مرگ"", ""تولد"", ""تجربه"", ""پسوند"", ""زندگی""] فقط شامل زندگی است؟ به «بله» یا «خیر» پاسخ دهید.",خیر,1,1,
fa,any_words_from_category_4_distractors,SmolLM2-360M-Instruct,214,"آیا هیچ یک از کلمات ""چکش"", ""گیتار"", ""شیر"", ""بیرون"" و ""دخترخاله"" از نوع خانواده هستند؟ با «بله» یا «خیر» پاسخ دهید.",یک دستیار مفید هستید. کوتاه و در,0,0,
fa,sentence_not_containing,SmolLM2-1_7B-Instruct,1110,"یک جمله بدون استفاده از کلمه ""صادقانه"" بنویس","می‌خواهیم بدون استفاده از کلمه """,1,0,
fa,first_alphabetically_same_first_letter,Llama-3_2-3B-Instruct,1376,"به ترتیب حروف الفبا، کدام کلمه اول می‌آید، ""خردلی"" یا ""خرداد""؟",خرداد,1,1,
fa,more_letters_length_diff_1,salamandra-2b-instruct,2853,"از بین کلمات ""خوک"" و ""مرکز"" کدام یک حروف بیشتری دارد؟",ustamata,0,0,
fa,most_associated_word,salamandra-2b-instruct,1518,"از بین کلمات ""خواندن"", ""آمدن"", ""رفتن"", ""برگشتن"" و ""چرخیدن"" کدام کلمه بیشترین ارتباط را با کلمه ""افعال فعالیت"" دارد؟",ustamata,0,0,
fa,least_associated_word,Qwen2_5-1_5B-Instruct,2275,"از بین کلمات زیر، کلمه‌ای را انتخاب کنید که کمترین ارتباط را با کلمه ""سازها"" دارد - ""مصدر"", ""ساکسوفون"", ""باتری"", ""دف"", ""طبل""","""دف""",0,0,
fa,bigger_number,gemma-3-4b,2352,"از بین اعداد 260 و 553، عدد بزرگتر را بنویسید:",553,1,1,
fa,less_letters,gemma-3-1b,2720,"از بین کلمات ""که"" و ""تنها"" کدام یک حروف کمتری دارد؟","""تنها""",0,0,
fa,first_alphabetically_different_first_letter,SmolLM2-360M-Instruct,2332,"از کلمات ""زرشکی"" و ""فلفل""، کدام کلمه به ترتیب حروف الفبا اول می‌آید؟",یک دستیار مفید هستید. کوتاه و در,0,0,
fa,more_letters_length_diff_1,gemma-3-1b,1165,"کدام کلمه حروف بیشتری دارد، ""دریاچه"" یا ""فروشنده""؟","""دریاچه""",0,0,
fa,ends_with_word,ZharfaOpen-0309,206,"جمله‌ای بنویسید که با کلمه ""انگشت"" تمام شود:",انگشتان به عنوان ابزار اصلی برا,0,0,
fa,most_associated_word,ZharfaOpen-0309,2094,"از بین کلمات زیر، کلمه‌ای را که بیشترین ارتباط را با کلمه ""جامعه"" دارد انتخاب کنید - ""شانه"", ""تاندون"", ""سینه"", ""دولت"", ""ساق""","کلمه ""جامعه"" بیشترین ارتباط را ب",0,0,
fa,starts_with_letter,SmolLM2-1_7B-Instruct,56,"کلمه ای بنویسید که حرف اول آن ""ل"" باشد:",لیگینیت در زبان انگلیسی است. این ا,0,0,
fa,sentence_not_containing,salamandra-2b-instruct,2011,"یک جمله بنویس که کلمه ""سریع"" را نداشته باشد",ustamata,0,0,
fa,word_after,Llama-3_2-3B-Instruct,2523,"در جملهٔ «برای عبرت دیگران شاگردی را سخت تنبیه کردن»، کدام کلمه بلافاصله بعد از «دیگران» می‌آید؟",(شاگردی),1,1,
fa,first_alphabetically_consecutive_first_letter,gemma-3-4b,1000,"به ترتیب حروف الفبا، کدام یک از کلمات ""خون"" و ""دفتر"" اول می‌آید؟",دفتر,0,0,
fa,more_letters,Llama-3_2-3B-Instruct,2015,"از بین کلمات ""بشریت"" و ""گاهی"" کدام یک حروف بیشتری دارد؟",(بشریت) 8 حروف دارد و (گاهی) 5 حروف دارد.,0,0,
fa,less_letters_length_diff_1,Llama-3_1-8B-Instruct,2710,"از بین کلمات ""پرداخت"" و ""طوفان"" کدام یک حروف کمتری دارد؟","in ""طوفان"" 5 حرف دارد و در ""پرداخت"" 7 حرف وجود دارد. بنابراین ""طوفان"" حروف کم",0,1,
fa,rhyming_word,EuroLLM-1_7B-Instruct,1892,"کدام‌ یک با کلمه ""خودکار"" هم قافیه است، ""زندگی‌نامه‌ای"" یا ""آشکار"" ؟","بیشتر کدام‌ یک با کلمه ""خودکار"" هم قافیه است، ""زند",0,0,
fa,last_letter,Llama-3_2-3B-Instruct,473,"آخرین حرف کلمه ""حال"" چیست؟",(ال),0,0,
fa,rhyming_word,gemma-3-1b,2482,"از بین کلمات ""ابرقهرمانی"" و ""ماسه""، کدام یک با ""منحنی"" هم قافیه است؟",ابرقهرمانی,1,1,
fa,homophones,Llama-3_1-8B-Instruct,1000,"کدام کلمه هم آوای ""داد""، ""قضا"" یا ""غذا"" است؟","in ""غذا"" و ""قضا"" و ""داد"" هم آوا هستند.",0,0,
fa,rhyming_word,salamandra-2b-instruct,1383,"کدام‌ یک با کلمه ""کشتی"" هم قافیه است، ""حتی"" یا ""پزشک"" ؟",ustamata,0,0,
fa,last_word,Qwen2_5-1_5B-Instruct,726,"آخرین کلمهٔ جملهٔ ""امیرعطا"" چیست؟","آخرین کلمهٔ جملهٔ ""امیرعطا"" یکی از کلمات فارسی است",0,0,
fa,least_associated_word,gemma-3-1b,1512,"از بین کلمات ""نانوایی"", ""ترمینال"", "" آخرین"", ""مدرسه"" و ""زندان"" کدام کلمه کمترین ارتباط را با کلمه ""محل‌های کار"" دارد؟",نانوایی,0,0,
fa,less_letters,Qwen2_5-1_5B-Instruct,2471,"از بین کلمات ""اگر"" و ""خارج"" کدام یک حروف کمتری دارد؟","""خارج"" حرف کمتری از ""اگر"" است.",0,0,
fa,all_words_from_category_0_distractors,Qwen2_5-3B-Instruct,2117,"آیا لیست [""کارخانه"", ""داروخانه"", ""مغازه"", ""اورژانس"", ""دانشگاه""] فقط شامل محل‌های کار است؟ به «بله» یا «خیر» پاسخ دهید.",خیر,0,0,
fa,sentence_containing,EuroLLM-1_7B-Instruct,2206,"یک جمله بنویس که کلمه ""خودکار"" را در بر داشته باشد","بیشتری که کلمه ""خودکار"" را در بر داشته باشد، یک",1,1,
fa,last_word,EuroLLM-1_7B-Instruct,2284,"آخرین کلمهٔ جملهٔ ""با چکش میخ را به دیوار کوبیدم"" را بنویس","آخرین کلمهٔ جملهٔ ""با چکش میخ را به دیوار کوب",0,0,
fa,word_not_containing,gemma-3-1b,25,"کلمه‌ای بنویس که شامل حرف «ن» نباشد:
",نور,0,0,
fa,bigger_number,SmolLM2-1_7B-Instruct,1657,"از بین اعداد 137 و 190، کدام بزرگتر است؟",137,0,0,
fa,first_alphabetically_consecutive_first_letter,Qwen2_5-1_5B-Instruct,2255,"از کلمات ""صندلی"" و ""شورت""، کدام کلمه به ترتیب حروف الفبا اول می‌آید؟",صندلی.,0,0,
fa,starts_with_letter,Qwen2_5-1_5B-Instruct,39,"کلمه ای بنویسید که حرف اول آن ""ج"" باشد:",جواد,1,1,
fa,homophones,SmolLM2-1_7B-Instruct,192,"کدام کلمه صدایش شبیه کلمه ""کشت""، ""ابارت"" یا ""عبارت"" است؟","کلمه ""کشت""، ""ابارت""، و ""عبارت""",0,0,
fa,any_words_from_category_5_distractors,Llama-3_2-3B-Instruct,2904,"آیا لیست [""ملت"", ""جامعه"", ""بشکه"", ""عضله"", ""گلو""] شامل هیچ پوشاک است؟ با «بله» یا «خیر» پاسخ دهید",(خیر),1,1,
fa,word_after,SmolLM2-1_7B-Instruct,1909,"در جمله ""او در درگاه توقف کرد تا تالار را برانداز کند""، کدام کلمه بلافاصله پس از کلمه ""درگاه"" آمده است؟","بلافاصله پس از کلمه ""درگاه"" آم",0,0,
fa,all_words_from_category_2_distractors,ZharfaOpen-0309,1423,"آیا همه کلمات ""بدنسازی"", ""پیری"", ""تولد"", ""حیات"" و ""پشم"" نشان‌دهنده زندگی هستند؟ به «بله» یا «خیر» پاسخ دهید.",بله.,0,0,
fa,ends_with_word,Llama-3_1-8B-Instruct,1756,"جمله‌ای بنویسید که آخرین کلمه آن ""علاقه‌مند"" باشد:",من به یادگیری و رشد هر روز بیشتر علاقه‌مند.,1,1,
fa,all_words_from_category_2_distractors,Llama-3_1-8B-Instruct,211,"آیا همه کلمات ""نظام"", ""ذرت"", ""مردم"", ""خیار"" و ""گروه"" از نوع جامعه هستند؟ به «بله» یا «خیر» پاسخ دهید.",inخیر,1,1,
fa,more_letters_length_diff_3plus,gemma-3-4b,1904,"کدام کلمه حروف بیشتری دارد، ""مغز"" یا ""قورباغه""؟",قورباغه,1,1,
fa,first_alphabetically_far_first_letter,Qwen2_5-1_5B-Instruct,1088,"به ترتیب حروف الفبا، کدام کلمه اول می‌آید، ""شور"" یا ""یوگا""؟","""یوگا""",0,0,
fa,first_alphabetically_consecutive_first_letter,Qwen2_5-3B-Instruct,2379,"از کلمات ""شانه"" و ""صندوقدار""، کدام کلمه به ترتیب حروف الفبا اول می‌آید؟",صندوقدار,0,0,
fa,first_alphabetically,gemma-3-4b,2335,"از کلمات ""گران"" و ""قبل""، کدام کلمه به ترتیب حروف الفبا اول می‌آید؟",قبل,1,1,
fa,rhyming_word_orthographically_similar,Qwen2_5-3B-Instruct,84,"کدام کلمه با کلمه ""رنده"" هم قافیه است، ""مو"" یا ""نویسنده"" ؟",مو,0,0,
fa,first_alphabetically,EuroLLM-1_7B-Instruct,165,"به ترتیب حروف الفبا، کدام یک از کلمات ""مدیر"" و ""انحصار"" اول می‌آید؟","به ترتیب حروف الفبا، کدام یک از کلمات ""مدیر"" و ""انحصار""",0,0,
fa,homophones,gemma-3-1b,431,"کدام کلمه صدایش شبیه کلمه ""غالی""، ""قالی"" یا ""قالیچه"" است؟",غالی,1,0,
fa,least_associated_word,Llama-3_2-3B-Instruct,785,"از بین کلمات ""گرم"", ""یخچال"", ""بخاری"", ""مایکروویو"" و ""فریزر""، کدام کلمه کمترین ارتباط را با ""لوازم خانگی"" دارد؟",(یخچال),0,0,
fa,less_letters,SmolLM2-1_7B-Instruct,995,"کدام کلمه حروف کمتری دارد، ""مشخص"" یا ""روی""؟","کلمه حروف کمتری دارد، ""مشخص",0,0,
fa,less_letters_length_diff_3plus,EuroLLM-1_7B-Instruct,2197,"از بین کلمات ""بولینگ"" و ""گاز"" کدام یک حروف کمتری دارد؟","از بین کلمات ""بولینگ"" و ""گاز"" کدام حروف کمتری دارد؟",0,0,
fa,word_before,ZharfaOpen-0309,1320,"در جمله ""او را به مدرسهی ویژه فرستادند تا سلیقه و رفتارش پیراسته شود""، کدام کلمه بلافاصله قبل از کلمه ""به"" آمده است؟","کلمه قبل از ""به"" در این جمله ""او""",0,0,
fa,all_words_from_category,ZharfaOpen-0309,2775,"آیا لیست [""ضمیر"", ""بازار"", ""معلوم"", ""قید"", ""اسم""] فقط شامل دسته‌های دستوری است؟ به «بله» یا «خیر» پاسخ دهید.",خیر.,1,1,
fa,starts_with_letter,gemma-3-1b,25,"کلمه ای بنویسید که با حرف ""ن"" شروع شود:",نفس,1,1,
fa,any_words_from_category_4_distractors,EuroLLM-1_7B-Instruct,2553,"آیا لیست [""اتو"", ""سالمند"", ""استودیو"", ""نظام"", ""صفت""] شامل هیچ دسته‌های دستوری است؟ با «بله» یا «خیر» پاسخ دهید","با ""بله"" یا ""خیر"" پاسخ دهید، یک دستوری است ک",0,0,
fa,last_letter,SmolLM2-360M-Instruct,2570,"آخرین حرف کلمه ""شهریور"" را بنویسید","آخرین حرف کلمه ""شهریور"" را بنو",0,0,
fa,first_alphabetically_same_first_letter,Llama-3_1-8B-Instruct,2732,"از کلمات ""بین"" و ""بینی""، کدام کلمه به ترتیب حروف الفبا اول می‌آید؟",in بین و biny بینی,0,0,
fa,bigger_number,salamandra-2b-instruct,653,"کدام عدد بزرگتر است، 63 یا 260؟",ustamata,0,0,
fa,all_words_from_category_1_distractors,Llama-3_1-8B-Instruct,1836,"آیا همه کلمات ""لباس"", ""پیراهن"", ""جودو"", ""شلوارک"" و ""سوتین"" نشان‌دهنده پوشاک هستند؟ به «بله» یا «خیر» پاسخ دهید.",بله,0,0,
fa,starts_with_letter,salamandra-2b-instruct,84,"کلمه ای بنویسید که با ""ظ"" شروع شود:",آزقي جنسی به طور ص,0,0,
fa,smaller_number,gemma-3-1b,1593,"از بین اعداد 274 و 565، کدام کوچکتر است؟",274,1,1,
fa,first_alphabetically_consecutive_first_letter,Qwen2_5-3B-Instruct,732,"به ترتیب حروف الفبا، کدام یک از کلمات ""نانوا"" و ""هویت"" اول می‌آید؟",هویت,0,0,
fa,last_letter,Qwen2_5-3B-Instruct,1812,"کلمه ""بیستم"" به کدام حرف ختم می‌شود؟","بیستم به کلمه ""بیست"" ختم می‌شود.",0,0,
fa,all_words_from_category,gemma-3-1b,349,"آیا همه کلمات ""خیار"", ""کاهو"", ""چغندر"", ""پیاز"" و ""کلم"" از نوع سبزیجات هستند؟ به «بله» یا «خیر» پاسخ دهید.",بله.,1,1,
fa,homophones,EuroLLM-1_7B-Instruct,914,"از بین دو کلمه ""لیمو	"" و ""فاتر""، کدام یک صدایش بیشتر شبیه ""فاطر"" است؟","از بین دو کلمه ""لیمو	"" و ""فاتر""، کدام یک صدایش ب",0,0,
fa,all_words_from_category,Qwen2_5-3B-Instruct,867,"آیا همه کلمات ""بانو"", ""سالمند"", ""پسر"", ""فرد"" و ""کودک"" از نوع مردم هستند؟ به «بله» یا «خیر» پاسخ دهید.",خیر,0,0,
fa,rhyming_word,SmolLM2-1_7B-Instruct,486,"کدام کلمه با کلمه ""جدی"" هم قافیه است، ""کاراته"" یا ""بعدی"" ؟","""جدی"" و ""کاراته"" هم قافیه است. این",0,0,
fa,all_words_from_category_1_distractors,SmolLM2-1_7B-Instruct,2704,"آیا لیست [""عدد"", ""حجم"", ""جفت"", ""روز"", ""گرم""] فقط شامل واحدهای اندازه‌گیری است؟ به «بله» یا «خیر» پاسخ دهید.",بله.,0,0,
fa,word_before,ZharfaOpen-0309,1905,"در جمله ""او با دزدان و آدمکشان محشور شد""، کدام کلمه بلافاصله قبل از کلمه ""محشور"" آمده است؟","کلمه ""با""",0,0,
fa,any_words_from_category_5_distractors,Qwen2_5-3B-Instruct,914,"آیا هیچ یک از کلمات ""گیتار"", ""موتور"", ""شاهین"", ""شهرداری"" و ""فوتسال"" از نوع بلایای طبیعی هستند؟ با «بله» یا «خیر» پاسخ دهید.",خیر,1,1,
fa,more_letters,SmolLM2-360M-Instruct,980,"کدام کلمه طولانی‌تر است، ""لغزیدن"" یا ""قنادی""؟","لغزیدن، در دستیار مفید هستید.",0,0,
fa,any_words_from_category,ZharfaOpen-0309,2371,"آیا لیست [""آتش‌سوزی"", ""پژوهشگاه"", ""مکان"", ""خانوادگی"", ""قهوه‌ای""] شامل هیچ دسته‌های دستوری است؟ با «بله» یا «خیر» پاسخ دهید",خیر.,1,1,
fa,word_before,SmolLM2-1_7B-Instruct,2737,"در جمله ""به درخواستنامههای عضویت رسیدگی کردن"" کدام کلمه درست قبل از ""کردن"" آمده است؟",به درخواستنامههای عضویت رسیدگی,0,0,
fa,last_word,salamandra-2b-instruct,2510,"آخرین کلمهٔ جملهٔ ""او سالیان درازی را به خاطر داشت"" را بنویس",ustamata,0,0,
fa,all_words_from_category_0_distractors,gemma-3-4b,1785,"آیا همه کلمات ""ابریشم"", ""آلومینیوم"", ""سنگ"", ""گاز"" و ""سیمان"" نشان‌دهنده مواد هستند؟ به «بله» یا «خیر» پاسخ دهید.",بله,1,1,
fa,ends_with_word,EuroLLM-1_7B-Instruct,1275,"جمله‌ای بنویسید که آخرین کلمه آن ""صنعت"" باشد:",شما یک دستیار مفید هستید. کوتاه و درست پاسخ دهی,0,0,
fa,smaller_number,SmolLM2-360M-Instruct,912,"کدام عدد کوچکتر است، 300 یا 197؟",یک دستیار مفید هستید. کوتاه و در,0,0,
fa,all_words_from_category_0_distractors,Llama-3_2-3B-Instruct,721,"آیا همه کلمات ""ساحل"", ""دشت"", ""طبیعت"", ""تالاب"" و ""دره"" از نوع جغرافیا هستند؟ به «بله» یا «خیر» پاسخ دهید.",(خیر),0,0,
fa,rhyming_word_orthographically_similar,Qwen2_5-1_5B-Instruct,1017,"کدام‌ یک با کلمه ""فاصله"" هم قافیه است، ""بیشتر"" یا ""جمله"" ؟","""فاصله"" هم قافیه است.",0,0,
fa,any_words_from_category_3_distractors,gemma-3-4b,2504,"آیا لیست [""جنتلمن"", ""آلومینیوم"", ""جفت"", ""کتان"", ""خط""] شامل هیچ مواد است؟ با «بله» یا «خیر» پاسخ دهید",بله,1,1,
fa,all_words_from_category,gemma-3-4b,1923,"آیا همه کلمات ""پدر"", ""دایی"", ""دخترعمو"", ""خاله"" و ""دخترعمه"" نشان‌دهنده خانواده هستند؟ به «بله» یا «خیر» پاسخ دهید.",بله,1,1,
fa,word_after,gemma-3-4b,1939,"در جمله ""با بلند کردن دست رای دادن""، کدام کلمه بلافاصله پس از کلمه ""کردن"" آمده است؟",رای دادن,0,0,
fa,sentence_containing,Qwen2_5-1_5B-Instruct,2364,"یک جمله بنویس که کلمه ""کشیدن"" را در بر داشته باشد","""کشیدن"" یکی از کلمات کاربردی است که در موارد مختلف استفاده م",1,1,
fa,first_word,EuroLLM-1_7B-Instruct,1954,"در جملهٔ ""جسد مومیایی شدهی مصری""، اولین کلمه چیست؟","در جملهٔ ""جسد مومیایی شدهی مصری""، اولین کلمه چ",0,0,
fa,last_letter,ZharfaOpen-0309,1844,"کلمه ""مردن"" به کدام حرف ختم می‌شود؟","کلمه ""مردن"" به حرف ""ن"" ختم می‌شود.",0,1,
fa,ends_with_word,Qwen2_5-3B-Instruct,2122,"جمله‌ای بنویسید که با ""شهروند"" تمام شود:",شهروند این کشور است.,0,0,
fa,ends_with_word,gemma-3-1b,813,"جمله‌ای بنویسید که با کلمه ""روسری"" تمام شود:",روسری به یک وسیله پوششی است که برای محافظت از گردن و سر استفاده می‌شود.,0,0,
fa,word_not_containing,Llama-3_1-8B-Instruct,44,"کلمه‌ای بنویس بدون استفاده از حرف «ر»:
","کلمه ""موسسه"" بدون استفاده از حرف ""ر"" است.",0,1,
fa,rhyming_word,Qwen2_5-3B-Instruct,2383,"از بین کلمات ""حتی"" و ""پزشک""، کدام یک با ""کشتی"" هم قافیه است؟",حتی,1,0,
fa,all_words_from_category,Llama-3_2-3B-Instruct,1035,"آیا همه کلمات ""درام"", ""جنایی"", ""هیجان‌انگیز"", ""مستند"" و ""انیمیشن"" نشان‌دهنده ژانرهای فیلم هستند؟ به «بله» یا «خیر» پاسخ دهید.",خیر,0,0,
fa,any_words_from_category_3_distractors,Qwen2_5-3B-Instruct,2439,"آیا لیست [""اجتماع"", ""آتش‌سوزی"", ""اورژانس"", ""ذرت"", ""زلزله""] شامل هیچ بلایای طبیعی است؟ با «بله» یا «خیر» پاسخ دهید",خیر,0,0,
fa,first_alphabetically_same_first_letter,Qwen2_5-1_5B-Instruct,2834,"از کلمات ""صدم"" و ""صفر""، کدام کلمه به ترتیب حروف الفبا اول می‌آید؟","""صدم"" به ترتیب حروف الفبا اول می‌آید.",0,1,
fa,word_containing,gemma-3-1b,45,کلمه‌ای بنویس با استفاده از حرف «ز»,زهر.,1,1,
fa,word_not_containing,SmolLM2-1_7B-Instruct,8,"کلمه‌ای بنویس که شامل حرف «خ» نباشد:
",کلمه‌ای بنویس که شامل حرف «خ»,0,0,
fa,more_letters_length_diff_1,Llama-3_2-3B-Instruct,1059,"کدام کلمه حروف بیشتری دارد، ""یازده"" یا ""گمرک""؟",(یازده),1,1,
fa,homophones,SmolLM2-360M-Instruct,935,"از بین دو کلمه ""سور"" و ""صدا""، کدام یک صدایش بیشتر شبیه ""صور"" است؟",یک دستیار مفید هستید. کوتاه و در,0,0,
fa,rhyming_word,gemma-3-4b,2955,"از بین کلمات ""یازده"" و ""معمولی""، کدام یک با ""سیزده"" هم قافیه است؟",معمولی,0,0,
fa,first_alphabetically_far_first_letter,ZharfaOpen-0309,2068,"از کلمات ""وزنه‌"" و ""طبق""، کدام کلمه به ترتیب حروف الفبا اول می‌آید؟","کلمه ""وزنه‌"" به ترتیب حروف الفبا ا",0,0,
fa,most_associated_word,SmolLM2-360M-Instruct,2829,"از بین کلمات زیر، کلمه‌ای را که بیشترین ارتباط را با کلمه ""لوازم خانگی"" دارد انتخاب کنید - ""چشیدن"", ""فر"", ""شنیدن"", ""لمسیدن"", ""لرزیدن""",یک دستیار مفید هستید. کوتاه و در,0,0,
fa,any_words_from_category,Llama-3_2-3B-Instruct,1649,"آیا هیچ یک از کلمات ""کارخانه"", ""انگشت"", ""بلند"", ""کیلومتر"" و ""رسوم"" نشان دهنده ورزش هستند؟ با «بله» یا «خیر» پاسخ دهید.",(خیر),1,1,
fa,first_letter,Llama-3_2-3B-Instruct,2803,"حرف اول کلمه ""وزنه‌"" را بنویسید",و,1,1,
fa,starts_with_letter,gemma-3-4b,41,"کلمه ای بنویسید که حرف اول آن ""خ"" باشد:",خوشحال,1,1,
fa,word_after,ZharfaOpen-0309,348,"در جمله ""خانه دار هستم""،کدام کلمه درست بعد از کلمه ""دار"" آمده است؟","کلمه درست بعد از کلمه ""دار"" در ج",0,0,
fa,first_alphabetically_different_first_letter,SmolLM2-1_7B-Instruct,1886,"به ترتیب حروف الفبا، کدام کلمه اول می‌آید، ""دندانپزشک"" یا ""سازمان""؟","""دندانپزشک"" است.",0,0,
fa,sentence_not_containing,Llama-3_2-3B-Instruct,114,"یک جمله بنویس که شامل کلمه ""امضا"" نباشد",کلمه امضا در این جمله استفاده شده است.,0,0,
fa,first_alphabetically_far_first_letter,EuroLLM-1_7B-Instruct,418,"به ترتیب حروف الفبا، کدام یک از کلمات ""قرمز"" و ""توزیع"" اول می‌آید؟","به ترتیب حروف الفبا، کدام یک از کلمات ""قرمز"" و ""توزیع",0,0,
fa,sentence_containing,gemma-3-1b,547,"یک جمله بنویس که شامل کلمه ""چوگان"" باشد","چوگان، یک موجود افسانه‌ای در سرزمین‌های دوردست است.",1,1,
fa,all_words_from_category,SmolLM2-1_7B-Instruct,2393,"آیا لیست [""پیلاتس"", ""هندبال"", ""بدنسازی"", ""ماراتن"", ""کونگ‌فو""] فقط شامل ورزش است؟ به «بله» یا «خیر» پاسخ دهید.",بله.,1,1,
fa,more_letters,Llama-3_1-8B-Instruct,2319,"از بین کلمات ""کراس‌فیت"" و ""گلو"" کدام یک حروف بیشتری دارد؟","کلمه ""کراس‌فیت"" حروف بیشتری دارد.",0,1,
fa,starts_with_word,SmolLM2-1_7B-Instruct,171,"جمله‌ای بنویسید که با ""به"" شروع شود",به خوبی شما دربارهٔ خوبی باشید.,1,1,
fa,more_letters,salamandra-2b-instruct,1293,"کدام کلمه حروف بیشتری دارد، ""همکاری"" یا ""ماسه""؟",نقطه الزمین,0,0,
fa,first_alphabetically,SmolLM2-360M-Instruct,1927,"به ترتیب حروف الفبا، کدام کلمه اول می‌آید، ""قایق"" یا ""آرام""؟","به ترتیب حروف الفبا، کدام کلمه ا",0,0,
fa,smaller_number,EuroLLM-1_7B-Instruct,1940,"از بین اعداد 66 و 547، کدام کوچکتر است؟","از بین اعداد 66 و 547، کدام کوچکتر است؟ 
از بین",0,0,
fa,sentence_containing,salamandra-2b-instruct,2359,"یک جمله بنویس که کلمه ""گونه"" را در بر داشته باشد",ustamata,0,0,
fa,least_associated_word,gemma-3-4b,1285,"از بین کلمات ""انحصار"", ""همیشه"", ""پول"", ""تقاضا"" و ""شرکت"" کدام کلمه کمترین ارتباط را با کلمه ""اقتصاد"" دارد؟",همیشه,1,1,
fa,starts_with_word,Llama-3_2-3B-Instruct,171,"جمله‌ای بنویسید که با ""به"" شروع شود","(به عنوان یک دستیار مفید، می‌توانم برای شما خدمات مختلفی ارائه دهم.)",1,1,
fa,first_alphabetically_consecutive_first_letter,Llama-3_1-8B-Instruct,2312,"از کلمات ""رنده"" و ""زیرا""، کدام کلمه به ترتیب حروف الفبا اول می‌آید؟","in ""رنده"" و ""زیرا""، ""رنده"" به ترتیب حروف الفبا اول می‌آید.",0,0,
fa,sentence_containing,EuroLLM-1_7B-Instruct,2130,"یک جمله بنویس که کلمه ""رفتن"" را در بر داشته باشد",شما یک دستیار مفید هستید. کوتاه و درست پاسخ دهی,0,0,
fa,first_alphabetically,Llama-3_2-3B-Instruct,1206,"به ترتیب حروف الفبا، کدام کلمه اول می‌آید، ""مهربانانه"" یا ""عمومی""؟","""عمومی""",1,1,
fa,any_words_from_category,gemma-3-1b,1905,"آیا هیچ یک از کلمات ""ران"", ""جزیره"", ""نقطه"", ""پذیرایی"" و ""پوست"" نشان دهنده خانه هستند؟ با «بله» یا «خیر» پاسخ دهید.",خیر,0,0,
fa,sentence_containing,Llama-3_1-8B-Instruct,2718,"یک جمله بنویس که کلمه ""معمایی"" را در بر داشته باشد",معمایی بودن یک پدیده یا رویداد به معنای عدم توضیح یا توجیه منطقی و علمی آن است.,1,1,
fa,all_words_from_category_1_distractors,Qwen2_5-3B-Instruct,961,"آیا همه کلمات ""مفصل"", ""عصب"", ""تجارت"", ""مچ"" و ""آرنج"" از نوع بدن انسان هستند؟ به «بله» یا «خیر» پاسخ دهید.",خیر,1,1,
fa,any_words_from_category_3_distractors,SmolLM2-360M-Instruct,2923,"آیا لیست [""مستند"", ""گرم"", ""تن"", ""تراز"", ""کوهستان""] شامل هیچ واحدهای اندازه‌گیری است؟ با «بله» یا «خیر» پاسخ دهید",یک دستیار مفید هستید. کوتاه و در,0,0,
fa,word_before,SmolLM2-360M-Instruct,119,"در جمله ""آیا می توانید او را توصیف کنید؟""، کدام کلمه درست پیش از کلمه ""را"" آمده است؟","در جمله ""آیا می توانید او را توصیف",0,0,
fa,least_associated_word,EuroLLM-1_7B-Instruct,206,"از بین کلمات ""نهم"", ""اول"", ""سوم"", ""هشتم"" و ""جلویی""، کدام کلمه کمترین ارتباط را با ""صفت‌های ترتیبی"" دارد؟","از بین کلمات ""نهم"", ""اول"", ""سوم"", ""هشتم"" و ""جلویی"", ک",0,0,
fa,any_words_from_category_5_distractors,Qwen2_5-3B-Instruct,933,"آیا هیچ یک از کلمات ""مردمک"", ""برادر"", ""مرد"", ""اسم"" و ""قنادی"" از نوع اقتصاد هستند؟ با «بله» یا «خیر» پاسخ دهید.",خیر,1,1,
fa,all_words_from_category_2_distractors,gemma-3-4b,2995,"آیا لیست [""بیابان"", ""کوه"", ""پنجره"", ""ماهی"", ""قاره""] فقط شامل جغرافیا است؟ به «بله» یا «خیر» پاسخ دهید.",خیر,1,1,
fa,smaller_number,ZharfaOpen-0309,887,"کدام عدد کوچکتر است، 595 یا 344؟",344 کوچکتر از 595 است.,0,0,
fa,first_alphabetically_different_first_letter,salamandra-2b-instruct,1132,"به ترتیب حروف الفبا، کدام کلمه اول می‌آید، ""حکومت"" یا ""نویسنده""؟",حکومت,1,1,
fa,first_alphabetically_different_first_letter,Llama-3_1-8B-Instruct,312,"به ترتیب حروف الفبا، کدام یک از کلمات ""شیشه"" و ""صندوقدار"" اول می‌آید؟","اولین حرف کلمه ""شیشه"" ""ش"" است و کلمه ""صندوقدار"" ""ص"" است. بنابراین ""ص"" قبل",0,0,
fa,rhyming_word_orthographically_similar,salamandra-2b-instruct,1006,"کدام‌ یک با کلمه ""سیمان"" هم قافیه است، ""فروشنده"" یا ""ساختمان"" ؟",سیمان: فروشنده,0,0,
fa,starts_with_letter,EuroLLM-1_7B-Instruct,12,"کلمه ای بنویسید که با حرف ""ز"" شروع شود:",شما یک دستیار مفید هستید. کوتاه و درست پاسخ دهی,0,0,
fa,least_associated_word,Qwen2_5-3B-Instruct,1905,"از بین کلمات ""چرخیدن"", ""نشستن"", ""متنوع"", ""رفتن"" و ""آمدن"" کدام کلمه کمترین ارتباط را با کلمه ""افعال حرکت"" دارد؟","""چرخیدن""",0,0,
fa,all_words_from_category,Llama-3_1-8B-Instruct,1802,"آیا همه کلمات ""نوه"", ""خاله"", ""ازدواج"", ""دندان"" و ""آشنا"" نشان‌دهنده خانواده هستند؟ به «بله» یا «خیر» پاسخ دهید.",inخیر,1,1,
fa,more_letters_length_diff_1,SmolLM2-360M-Instruct,1030,"کدام کلمه حروف بیشتری دارد، ""نادرست"" یا ""سخت‌گیر""؟",یک دستیار مفید هستید. کوتاه و در,0,0,
fa,first_word,Qwen2_5-3B-Instruct,1143,"در جملهٔ ""او در درگاه توقف کرد تا تالار را برانداز کند""، اولین کلمه چیست؟",او,1,1,
fa,first_letter,EuroLLM-1_7B-Instruct,2947,"حرف اول کلمه ""مترو"" را بنویسید","حرف أول كلمة ""مترو"" هي ""م"" وتكتب بدون حرف ""ت""‍‍‍‍‍‍‍‍‍‍‍‍‍‍‍‍‍‍‍‍‍‍‍‍‍‍‍‍‍‍‍‍‍‍‍‍‍‍‍‍‍‍‍‍‍‍‍‍",0,0,
fa,ends_with_word,Llama-3_2-3B-Instruct,612,"جمله‌ای بنویسید که با کلمه ""واردات"" تمام شود:",واردات‌های صنعتی از مهم‌ترین عوامل توسعه اقتصادی هستند.,0,0,
fa,all_words_from_category,salamandra-2b-instruct,1140,"آیا همه کلمات ""جت"", ""قطار"", ""پزشک"", ""تاکسی"" و ""تراموا"" نشان‌دهنده حمل‌ونقل هستند؟ به «بله» یا «خیر» پاسخ دهید.",ustamata,0,0,
fa,less_letters_length_diff_1,Llama-3_2-3B-Instruct,25,"کدام کلمه حروف کمتری دارد، ""مقابل"" یا ""کنار""؟",(کنار),1,1,
fa,all_words_from_category_1_distractors,gemma-3-4b,1859,"آیا همه کلمات ""پرستار"", ""بنا"", ""سینه"", ""مکانیک"" و ""برقکار"" نشان‌دهنده مشاغل هستند؟ به «بله» یا «خیر» پاسخ دهید.",بله.,0,0,
fa,more_letters_length_diff_3plus,salamandra-2b-instruct,1915,"کدام کلمه حروف بیشتری دارد، ""تلخ"" یا ""آشپزخانه""؟",آشپزخانه,1,1,
fa,more_letters_length_diff_3plus,Qwen2_5-1_5B-Instruct,268,"کدام کلمه طولانی‌تر است، ""مدرسه"" یا ""هلیکوپتر""؟","""هلیکوپتر"" طولانی‌تر است.",0,1,
fa,all_words_from_category_2_distractors,Qwen2_5-1_5B-Instruct,2445,"آیا لیست [""مترو"", ""قطار"", ""ماشین"", ""تبر"", ""پیری""] فقط شامل حمل‌ونقل است؟ به «بله» یا «خیر» پاسخ دهید.",خیر,1,1,
fa,sentence_not_containing,Qwen2_5-1_5B-Instruct,2188,"یک جمله بنویس که کلمه ""هفته"" را نداشته باشد","""شما همیشه درست استید.""",1,1,
fa,word_before,salamandra-2b-instruct,496,"در جمله ""تندر و آذرخش، رعد و برق""، کدام کلمه درست پیش از کلمه ""رعد"" آمده است؟",ustamata,0,0,
fa,rhyming_word,ZharfaOpen-0309,112,"کدام کلمه با کلمه ""جاروبرقی"" هم قافیه است، ""اجتماعی"" یا ""فشرده"" ؟","کلمه ""جاروبرقی"" با کلمه ""اجتماعی""",0,1,
fa,least_associated_word,salamandra-2b-instruct,1813,"از بین کلمات ""معمولاً"", "" ممکن"", ""گردباد"", ""همیشه"" و ""عموماً"" کدام کلمه کمترین ارتباط را با کلمه ""قیدهای احتمال"" دارد؟",آثار جيسكى مغنٰـت,0,0,
fa,last_word,Llama-3_1-8B-Instruct,688,"آخرین کلمهٔ جملهٔ ""ولی در ادبیات همیشه موارد ملموس نیست"" چیست؟",ملموس,0,0,
fa,word_before,Qwen2_5-3B-Instruct,1698,"در جمله ""پیرمردان روی نیمکتهای پارک نشسته بودند""، کدام کلمه بلافاصله قبل از کلمه ""پارک"" آمده است؟",نیمکتهای,1,1,
fa,all_words_from_category,EuroLLM-1_7B-Instruct,1638,"آیا همه کلمات ""وکیل"", ""آشپز"", ""جوشکار"", ""برقکار"" و ""ملوان"" نشان‌دهنده مشاغل هستند؟ به «بله» یا «خیر» پاسخ دهید.","آیا همه کلمات ""وکیل"", ""آشپز"", ""جوشکار"", ""برقکار""",0,0,
fa,first_alphabetically_consecutive_first_letter,gemma-3-1b,808,"به ترتیب حروف الفبا، کدام یک از کلمات ""ساق"" و ""شوهر"" اول می‌آید؟",شوهر,0,0,
fa,word_not_containing,ZharfaOpen-0309,93,"کلمه‌ای بنویس که حرف «و» را نداشته باشد:
",کلمه‌ای که حرف «و» را ندارد «وای»,0,0,
fa,all_words_from_category_2_distractors,gemma-3-1b,2522,"آیا لیست [""مرغ"", ""تقاضا"", ""اسم"", ""مفعول"", ""فاعل""] فقط شامل دسته‌های دستوری است؟ به «بله» یا «خیر» پاسخ دهید.",خیر,1,1,
fa,first_word,Qwen2_5-1_5B-Instruct,1171,"در جملهٔ ""پوست لطیف کودک""، اولین کلمه چیست؟","در جملهٔ ""پوست لطیف کودک""، اولین کلمه ""پوست"" است.",0,1,
fa,any_words_from_category_4_distractors,EuroLLM-1_7B-Instruct,1353,"آیا هیچ یک از کلمات ""آزمایشگاه"", ""سیاه"", ""نگهبان"", ""گاو"" و ""ریشه"" نشان دهنده دسته‌های دستوری هستند؟ با «بله» یا «خیر» پاسخ دهید.","بیان:

هیچ یک از کلمات ""آزمایشگاه"", ""سیاه"", """,0,0,
fa,all_words_from_category_1_distractors,ZharfaOpen-0309,2775,"آیا لیست [""صندل"", ""خون"", ""کلاه"", ""دامن"", ""جوراب""] فقط شامل پوشاک است؟ به «بله» یا «خیر» پاسخ دهید.",بله.,0,0,
fa,last_word,Qwen2_5-3B-Instruct,2205,"آخرین کلمهٔ جملهٔ ""قیمتهای وحشتناک"" را بنویس",وحشتناک,1,1,
fa,rhyming_word_orthographically_similar,SmolLM2-360M-Instruct,2593,"از بین کلمات ""پدر"" و ""اکشن""، کدام یک با ""برادر"" هم قافیه است؟",یک دستیار مفید هستید. کوتاه و در,0,0,
fa,starts_with_word,SmolLM2-360M-Instruct,125,"جمله‌ای بنویسید که اولین کلمه آن ""صفر"" باشد",جمله‌ای بنویسید که اولین کلمه,0,0,
fa,word_after,EuroLLM-1_7B-Instruct,1657,"در جمله ""او دربارهی گرد آوری تمبر و این جور چیزها برایمان صحبت کرد""، کدام کلمه بلافاصله پس از کلمه ""آوری"" آمده است؟","در جمله ""او دربارهی گرد آوری تمبر و این جور چیزها ب",0,0,
fa,first_letter,Qwen2_5-1_5B-Instruct,1700,"کلمه ""خوشحال"" با کدام حرف شروع می‌شود؟","کلمه ""خوشحال"" با حرف ""خ"" شروع می‌شود.",0,1,
fa,rhyming_word_orthographically_similar,gemma-3-1b,71,"کدام کلمه با کلمه ""بنابراین"" هم قافیه است، ""فوتبال"" یا ""غمگین"" ؟",فوتبال,0,0,
fa,more_letters_length_diff_3plus,SmolLM2-360M-Instruct,344,"کدام کلمه طولانی‌تر است، ""هنگام"" یا ""علاقه‌مند""؟",یک دستیار مفید هستید. کوتاه و در,0,0,
fa,starts_with_word,Qwen2_5-1_5B-Instruct,59,"جمله‌ای بنویسید که با کلمه ""بدون"" شروع شود","بدون تهدید، بدون تهدید، بدون تهدید.",1,0,
fa,first_letter,salamandra-2b-instruct,1160,"کلمه ""درجه"" با کدام حرف شروع می‌شود؟",ustamata,0,0,
fa,first_alphabetically_different_first_letter,gemma-3-4b,511,"به ترتیب حروف الفبا، کدام یک از کلمات ""مؤسسه"" و ""دختر"" اول می‌آید؟",دختر,1,1,
fa,any_words_from_category_5_distractors,Llama-3_2-3B-Instruct,182,"آیا هیچ یک از کلمات ""سیر"", ""کارگاه"", ""تاندون"", ""قیمت"" و ""جفت"" از نوع پوشاک هستند؟ با «بله» یا «خیر» پاسخ دهید.",(خیر),1,1,
fa,word_not_containing,gemma-3-4b,2,"کلمه‌ای بنویس که شامل حرف «ا» نباشد:
",سقف,1,1,
fa,first_alphabetically_same_first_letter,SmolLM2-360M-Instruct,945,"به ترتیب حروف الفبا، کدام یک از کلمات ""جاروبرقی"" و ""جوان"" اول می‌آید؟","به ترتیب حروف الفبا، کدام یک از",0,0,
fa,any_words_from_category_5_distractors,ZharfaOpen-0309,1256,"آیا هیچ یک از کلمات ""خاک"", ""مساحت"", ""وسترن"", ""بازو"" و ""خون"" نشان دهنده ابزارها هستند؟ با «بله» یا «خیر» پاسخ دهید.",بله.,0,0,
fa,all_words_from_category_1_distractors,gemma-3-1b,2444,"آیا لیست [""آبشار"", ""خارج"", "" انتها"", ""مقدار"", ""بخش""] فقط شامل فضا و کمیت است؟ به «بله» یا «خیر» پاسخ دهید.",خیر,1,1,
fa,starts_with_letter,SmolLM2-360M-Instruct,20,"کلمه ای بنویسید که با حرف ""غ"" شروع شود:","با حرف ""غ"" شروع شود: در سال ۱۳",0,0,
fa,ends_with_word,gemma-3-4b,1625,"جمله‌ای بنویسید که آخرین کلمه آن ""عبا"" باشد:",او با عبا به مسجد رفت.,0,0,
fa,sentence_not_containing,gemma-3-1b,1687,"یک جمله بدون استفاده از کلمه ""هنوز"" بنویس","بله، حتماً.",1,1,
fa,last_letter,Llama-3_1-8B-Instruct,187,"آخرین حرف کلمه ""درام"" چیست؟",in,0,0,
fa,first_word,gemma-3-1b,2851,"اولین کلمهٔ جملهٔ ""به زندانیان خوراک کافی داده نمیشد"" را بنویس",به‌طور کافی.,0,0,
fa,more_letters_length_diff_1,Llama-3_1-8B-Instruct,2078,"از بین کلمات ""بدنسازی"" و ""چمنزار"" کدام یک حروف بیشتری دارد؟","in ""بدنسازی"" 8 حرف وجود دارد و در ""چمنزار"" نیز 8 حرف وجود دارد.",0,0,
fa,more_letters_length_diff_3plus,Llama-3_2-3B-Instruct,2267,"از بین کلمات ""هلیکوپتر"" و ""عرض"" کدام یک حروف بیشتری دارد؟",(هلیکوپتر) 8 حروف دارد و (عرض) 4 حروف دارد.,0,0,
fa,word_not_containing,Qwen2_5-3B-Instruct,15,"کلمه‌ای بنویس که شامل حرف «ص» نباشد:
",كوكب,1,1,
fa,all_words_from_category_0_distractors,salamandra-2b-instruct,2929,"آیا لیست [""اینجا"", "" مقابل"", ""وسط"", ""بالا"", ""خارج""] فقط شامل قیدهای مکان است؟ به «بله» یا «خیر» پاسخ دهید.",ustamata,0,0,
fa,most_associated_word,Llama-3_2-3B-Instruct,1567,"از بین کلمات ""گوسفند"", ""گوزن"", ""حلزون"", ""از"" و ""ساردین"" کدام کلمه بیشترین ارتباط را با کلمه ""حروف اضافه"" دارد؟","(حروف اضافه) بیشترین ارتباط را با کلمه ""گوسفند"" دارد.",0,0,
fa,first_alphabetically_different_first_letter,Qwen2_5-3B-Instruct,1787,"به ترتیب حروف الفبا، کدام کلمه اول می‌آید، ""شخصی"" یا ""ازدواج""؟",ازدواج,1,1,
fa,less_letters_length_diff_1,gemma-3-1b,2967,"از بین کلمات ""پیشخدمت"" و ""گلخانه"" کدام یک حروف کمتری دارد؟","""پیشخدمت"" 2 حرف دارد، ""گلخانه"" 4 حرف دارد.",0,0,
fa,any_words_from_category_4_distractors,ZharfaOpen-0309,2646,"آیا لیست [""کارخانه"", ""صورت"", ""هواپیما"", ""واردات"", ""اختاپوس""] شامل هیچ اقتصاد است؟ با «بله» یا «خیر» پاسخ دهید",بله.,1,1,
fa,any_words_from_category_4_distractors,gemma-3-1b,1981,"آیا هیچ یک از کلمات ""تاکسی"", ""صادرات"", ""همسر"", ""ماهی"" و ""خانم"" نشان دهنده حمل‌ونقل هستند؟ با «بله» یا «خیر» پاسخ دهید.",خیر,0,0,
fa,more_letters,Qwen2_5-3B-Instruct,2947,"از بین کلمات ""پسوند"" و ""کوه"" کدام یک حروف بیشتری دارد؟",پسوند,1,1,
fa,first_alphabetically_same_first_letter,salamandra-2b-instruct,2149,"از کلمات ""مصرف"" و ""موج‌سواری""، کدام کلمه به ترتیب حروف الفبا اول می‌آید؟","نعم أيضًا, كلمة ""�����",0,0,
fa,all_words_from_category_0_distractors,gemma-3-1b,2879,"آیا لیست [""مانند"", ""اگرچه "", ""هرچند"", "" پس"", ""بنابراین""] فقط شامل حروف ربط است؟ به «بله» یا «خیر» پاسخ دهید.",خیر,0,0,
fa,homophones,gemma-3-1b,588,"از بین دو کلمه ""بادکنک"" و ""رازی""، کدام یک صدایش بیشتر شبیه ""راضی"" است؟",بادکنک.,0,0,
fa,less_letters_length_diff_1,SmolLM2-360M-Instruct,792,"کدام کلمه حروف کمتری دارد، ""بیشتر"" یا ""بنفش""؟","بیشتر، بنفشیاتی دارد، بیشتریا",0,0,
fa,least_associated_word,Llama-3_1-8B-Instruct,1332,"از بین کلمات ""گربه"", ""سیزده"", ""شیر"", ""گاو"" و ""پشه"" کدام کلمه کمترین ارتباط را با کلمه ""حیوانات"" دارد؟","in ""پشه"" کمترین ارتباط را با کلمه ""حیوانات"" دارد.",0,0,
fa,first_alphabetically_same_first_letter,EuroLLM-1_7B-Instruct,2415,"از کلمات ""پول"" و ""پر""، کدام کلمه به ترتیب حروف الفبا اول می‌آید؟","از کلمات ""پول"" و ""پر""، کدام کلمه به ترتیب حروف الفبا اول م",0,0,
fa,less_letters_length_diff_1,EuroLLM-1_7B-Instruct,1614,"کدام کلمه کوتاه‌تر است، ""بزرگ"" یا ""خط‌کش""؟","بزرگ کلمه کوتاه‌تر است، ""بزرگ"" یا ""خط‌کش"" است",0,0,
fa,less_letters,Qwen2_5-3B-Instruct,2359,"از بین کلمات ""ثانیه"" و ""دره"" کدام یک حروف کمتری دارد؟",ثانیه,0,0,
fa,more_letters_length_diff_1,SmolLM2-1_7B-Instruct,1013,"کدام کلمه حروف بیشتری دارد، ""هلیکوپتر"" یا ""علاقه‌مند""؟","""هلیکوپتر"" و ""علاقه‌مند"" همان ک",0,0,
fa,less_letters_length_diff_1,gemma-3-4b,1998,"کدام کلمه کوتاه‌تر است، ""جامه"" یا ""هود""؟",هود,1,1,
fa,all_words_from_category_2_distractors,gemma-3-1b,713,"آیا همه کلمات ""مشاور"", ""فاعل"", ""مفعول"", ""متمم"" و ""خاک"" از نوع دسته‌های دستوری هستند؟ به «بله» یا «خیر» پاسخ دهید.",خیر,1,1,
fa,less_letters_length_diff_1,SmolLM2-360M-Instruct,1633,"کدام کلمه کوتاه‌تر است، ""اسکی"" یا ""اسب""؟",یک دستیار مفید هستید. کوتاه و در,0,0,
fa,rhyming_word,Llama-3_2-3B-Instruct,264,"کدام کلمه با کلمه ""دست"" هم قافیه است، ""نادرست"" یا ""دیگر"" ؟",(نادرست),1,1,
fa,bigger_number,Llama-3_2-3B-Instruct,904,"کدام عدد بزرگتر است، 49 یا 871؟",871 بزرگتر است.,0,1,
fa,more_letters_length_diff_3plus,Qwen2_5-3B-Instruct,1727,"کدام کلمه حروف بیشتری دارد، ""حساب"" یا ""کوهستان""؟","""کوهستان"" حروف بیشتری دارد.",0,1,
fa,first_alphabetically_consecutive_first_letter,SmolLM2-360M-Instruct,169,"به ترتیب حروف الفبا، کدام یک از کلمات ""حالا"" و ""خوک"" اول می‌آید؟","به ترتیب حروف الفبا، کدام یک از",0,0,
fa,first_alphabetically_far_first_letter,Llama-3_2-3B-Instruct,970,"به ترتیب حروف الفبا، کدام یک از کلمات ""یازده"" و ""ذرت"" اول می‌آید؟",(ذ),0,0,
fa,rhyming_word,Llama-3_1-8B-Instruct,556,"کدام کلمه با کلمه ""مربی"" هم قافیه است، ""جانبی"" یا ""افسر"" ؟","in ""مربی"" و ""افسر"" هم قافیه هستند.",0,0,
fa,first_alphabetically_consecutive_first_letter,salamandra-2b-instruct,789,"به ترتیب حروف الفبا، کدام یک از کلمات ""حلزون"" و ""خشکسالی"" اول می‌آید؟",ustamata,0,0,
fa,least_associated_word,ZharfaOpen-0309,1044,"از بین کلمات ""مادربزرگ"", ""تولد"", ""پیری"", ""زندگی"" و ""تجربه"" کدام کلمه کمترین ارتباط را با کلمه ""زندگی"" دارد؟","کلمه ""تولد"" کمترین ارتباط را با",0,0,
fa,first_alphabetically,Qwen2_5-3B-Instruct,1665,"به ترتیب حروف الفبا، کدام کلمه اول می‌آید، ""بی‌حوصله"" یا ""مکانیک""؟",مکانیک,0,0,
fa,sentence_containing,ZharfaOpen-0309,2756,"یک جمله بنویس که کلمه ""به‌سختی"" را در بر داشته باشد","به‌سختی با این موضوع صحبت کردم،",1,1,
fa,any_words_from_category_3_distractors,EuroLLM-1_7B-Instruct,1903,"آیا هیچ یک از کلمات ""موتورسواری"", ""کراوات"", ""برقکار"", ""کراس‌فیت"" و ""تاریخی"" نشان دهنده ورزش هستند؟ با «بله» یا «خیر» پاسخ دهید.","بیان:

هیچ یک از کلمات ""موتورسواری"", ""کراوات"", ""بر",0,0,
fa,first_alphabetically_far_first_letter,Qwen2_5-1_5B-Instruct,157,"به ترتیب حروف الفبا، کدام یک از کلمات ""کیلومتر"" و ""خانم"" اول می‌آید؟",الف,0,0,
fa,most_associated_word,gemma-3-1b,2968,"از بین کلمات زیر، کلمه‌ای را که بیشترین ارتباط را با کلمه ""بدن انسان"" دارد انتخاب کنید - ""هنوز"", ""تازه"", ""شکم"", ""بعد"", "" هنگام""",شکم,1,1,
fa,first_alphabetically_different_first_letter,SmolLM2-1_7B-Instruct,818,"به ترتیب حروف الفبا، کدام یک از کلمات ""مایکروویو"" و ""جمله"" اول می‌آید؟",مایکروویو و جمله در حرف الفبا می‌ت,0,0,
fa,more_letters_length_diff_1,EuroLLM-1_7B-Instruct,80,"کدام کلمه طولانی‌تر است، ""قلب"" یا ""همسر""؟",قلب و همسر هم کلمات طولانی‌تر است.,0,0,
fa,any_words_from_category_5_distractors,SmolLM2-360M-Instruct,948,"آیا هیچ یک از کلمات ""رنگ"", ""تراز"", ""مصدر"", ""دختر"" و ""کاپشن"" از نوع مردم هستند؟ با «بله» یا «خیر» پاسخ دهید.",یک دستیار مفید هستید. کوتاه و در,0,0,
fa,any_words_from_category_5_distractors,Llama-3_1-8B-Instruct,1755,"آیا هیچ یک از کلمات ""زلزله"", ""دبیرستان"", ""قید"", ""سمت"" و ""خبرنگار"" نشان دهنده ژانرهای فیلم هستند؟ با «بله» یا «خیر» پاسخ دهید.",خیر,1,1,
fa,first_alphabetically_same_first_letter,ZharfaOpen-0309,2720,"از کلمات ""وزنه‌"" و ""ورودی""، کدام کلمه به ترتیب حروف الفبا اول می‌آید؟",ورودی,1,1,
fa,more_letters_length_diff_3plus,EuroLLM-1_7B-Instruct,2188,"از بین کلمات ""شاهین"" و ""کت"" کدام یک حروف بیشتری دارد؟","از بین کلمات ""شاهین"" و ""کت"" کدام یک حروف بیشتری دار",0,0,
fa,less_letters_length_diff_3plus,Qwen2_5-3B-Instruct,1784,"کدام کلمه کوتاه‌تر است، ""و"" یا ""سرمه‌ای""؟",و کوتاهتر است.,0,1,
fa,less_letters_length_diff_1,SmolLM2-1_7B-Instruct,877,"کدام کلمه حروف کمتری دارد، ""گنجشک"" یا ""ثروت""؟","کلمه ""گنجشک"" در فارسی می‌توان",0,0,
fa,smaller_number,Qwen2_5-1_5B-Instruct,1904,"از بین اعداد 49 و 871، کدام کوچکتر است؟","اعداد 49 و 871 را بررسی کنید:

1. 49
2. 871",0,0,
fa,first_alphabetically_same_first_letter,Llama-3_1-8B-Instruct,1267,"به ترتیب حروف الفبا، کدام کلمه اول می‌آید، ""یعنی"" یا ""یخچال""؟",in یخچال,1,1,
fa,starts_with_word,EuroLLM-1_7B-Instruct,156,"جمله‌ای بنویسید که با ""یک"" شروع شود",شما یک دستیار مفید هستید. کوتاه و درست پاسخ دهی,0,0,
fa,smaller_number,SmolLM2-1_7B-Instruct,2073,"از بین اعداد 545 و 179، عدد کوچکتر را بنویسید",545 با 179 درست اعداد داریم.,0,0,
fa,first_word,ZharfaOpen-0309,1021,"در جملهٔ ""بوی بد متصاعد از باتلاق""، اولین کلمه چیست؟",بوی.,1,1,
fa,any_words_from_category_3_distractors,SmolLM2-1_7B-Instruct,2176,"آیا لیست [""جوانی"", ""تقاضا"", ""گوزن"", ""پیری"", ""کراوات""] شامل هیچ زندگی است؟ با «بله» یا «خیر» پاسخ دهید",بله.,1,1,
fa,word_containing,Qwen2_5-3B-Instruct,91,کلمه‌ای بنویس که حرف «ن» را داشته باشد,نواة,1,1,
fa,ends_with_letter,ZharfaOpen-0309,55,"کلمه ای بنویسید که آخرین حرف آن ""ق"" باشد","کلمه ای که آخرین حرف آن ""ق"" است """,0,0,
fa,rhyming_word,SmolLM2-360M-Instruct,869,"کدام کلمه با کلمه ""قهوه‌ای"" هم قافیه است، ""دمپایی"" یا ""اسکلت"" ؟",یک دستیار مفید هستید. کوتاه و در,0,0,
fa,first_alphabetically_far_first_letter,gemma-3-1b,783,"به ترتیب حروف الفبا، کدام یک از کلمات ""زیاد"" و ""گاهی"" اول می‌آید؟",گاهی.,1,1,
fa,all_words_from_category_2_distractors,Llama-3_2-3B-Instruct,523,"آیا همه کلمات ""رنگ"", ""زرشکی"", ""سرخابی"", ""شوفاژ"" و ""عشق"" از نوع رنگ‌ها هستند؟ به «بله» یا «خیر» پاسخ دهید.",خیر,1,1,
fa,most_associated_word,gemma-3-4b,2426,"از بین کلمات زیر، کلمه‌ای را که بیشترین ارتباط را با کلمه ""صفت‌های ترتیبی"" دارد انتخاب کنید - ""ماندن"", ""مردن"", ""بودن"", ""نهم"", ""داشتن""",بودن,0,0,
fa,first_alphabetically_far_first_letter,SmolLM2-1_7B-Instruct,2849,"از کلمات ""جمعیت"" و ""لگن""، کدام کلمه به ترتیب حروف الفبا اول می‌آید؟",کدام کلمه به ترتیب حروف الفبا اول م,0,0,
fa,word_after,salamandra-2b-instruct,2743,"در جملهٔ «جاهطلبی مکبث را وادار به کشتن شاه کرد»، کدام کلمه بلافاصله بعد از «را» می‌آید؟",ustamata,0,0,
fa,word_before,gemma-3-4b,1723,"در جمله ""و ناگهان، به انسان سرایت میکند""، کدام کلمه بلافاصله قبل از کلمه ""ناگهان،"" آمده است؟",و,1,1,
fa,sentence_not_containing,gemma-3-4b,2580,"یک جمله بنویس که کلمه ""مادر"" را نداشته باشد",خورشید در آسمان می‌تابید.,1,1,
fa,all_words_from_category_2_distractors,EuroLLM-1_7B-Instruct,1642,"آیا همه کلمات ""هلیکوپتر"", ""میز"", ""موتور"", ""مرگ"" و ""جت"" نشان‌دهنده حمل‌ونقل هستند؟ به «بله» یا «خیر» پاسخ دهید.","آیا همه کلمات ""هلیکوپتر"", ""میز"", ""موتور"", ""مرگ"" و """,0,0,
fa,word_containing,salamandra-2b-instruct,77,کلمه‌ای بنویس که حرف «ر» را داشته باشد,آزقي این جمله علی ص,0,0,
fa,any_words_from_category,Qwen2_5-1_5B-Instruct,745,"آیا هیچ یک از کلمات ""بوکس"", ""حیات"", ""بازار"", ""پرش"" و ""کارتینگ"" از نوع زندگی هستند؟ با «بله» یا «خیر» پاسخ دهید.",خیر,0,0,
fa,ends_with_letter,EuroLLM-1_7B-Instruct,47,"کلمه ای بنویسید که آخرین حرف آن ""ش"" باشد","ش:

ش: شیرین، شیرین، شیرین، شیرین، شی",0,0,
fa,rhyming_word_orthographically_similar,Llama-3_2-3B-Instruct,2271,"از بین کلمات ""ناخن"" و ""عبارت""، کدام یک با ""تجارت"" هم قافیه است؟",ناخن,0,0,
fa,less_letters_length_diff_3plus,ZharfaOpen-0309,759,"کدام کلمه حروف کمتری دارد، ""بهتر"" یا ""به‌سختی""؟","""به‌سختی"" حروف کمتری دارد.",0,0,
fa,bigger_number,Llama-3_1-8B-Instruct,625,"کدام عدد بزرگتر است، 78 یا 38؟",78 بزرگتر از 38 است.,0,0,
fa,more_letters_length_diff_1,gemma-3-4b,1947,"کدام کلمه حروف بیشتری دارد، ""اکشن"" یا ""فرد""؟",اکشن,1,1,
fa,any_words_from_category_4_distractors,Llama-3_1-8B-Instruct,2653,"آیا لیست [""گمرک"", ""درام"", ""کمر"", ""اسم"", ""گلخانه""] شامل هیچ دسته‌های دستوری است؟ با «بله» یا «خیر» پاسخ دهید","in ""درام"" و ""کمر"" و ""اسم"" و ""گلخانه"" و ""گمرک""  شامل دسته‌های دستوری هستند",0,0,
fa,bigger_number,salamandra-2b-instruct,1093,"از بین اعداد 306 و 297، کدام بزرگتر است؟",آن حاليًا غمالى كنت,0,0,
fa,sentence_not_containing,Qwen2_5-3B-Instruct,469,"یک جمله بنویس که شامل کلمه ""سونامی"" نباشد",او نتوانست با سونامی آسیاب شود.,0,0,
fa,first_alphabetically_far_first_letter,Qwen2_5-3B-Instruct,2545,"از کلمات ""زیربغل"" و ""گمرک""، کدام کلمه به ترتیب حروف الفبا اول می‌آید؟",زیربغل,1,1,
fa,last_word,gemma-3-4b,1398,"در جملهٔ ""دوست دارید دوباره ملاقات کنید؟""، آخرین کلمه چیست؟",؟,0,0,
fa,most_associated_word,ZharfaOpen-0309,1939,"از بین کلمات ""درام"", ""خانوادگی"", ""ثانیه"", ""اجتماعی"" و ""هیجان‌انگیز"" کدام کلمه بیشترین ارتباط را با کلمه ""واحدهای اندازه‌گیری"" دارد؟","کلمه ""خانوادگی"" بیشترین ارتباط ر",0,0,
fa,all_words_from_category_1_distractors,gemma-3-1b,445,"آیا همه کلمات ""یخچال"", ""پیراهن"", ""تلویزیون"", ""کولر"" و ""مایکروویو"" از نوع لوازم خانگی هستند؟ به «بله» یا «خیر» پاسخ دهید.",بله,0,0,
fa,first_alphabetically_same_first_letter,SmolLM2-1_7B-Instruct,443,"به ترتیب حروف الفبا، کدام یک از کلمات ""عبارت"" و ""عمو"" اول می‌آید؟","به ترتیب حروف الفبا، کدام یک از",0,0,
fa,all_words_from_category,SmolLM2-360M-Instruct,963,"آیا همه کلمات ""گوش"", ""قاضی"", ""زبان"", ""ریش"" و ""شانه"" از نوع بدن انسان هستند؟ به «بله» یا «خیر» پاسخ دهید.",یک دستیار مفید هستید. کوتاه و در,0,0,
fa,any_words_from_category_3_distractors,gemma-3-1b,2488,"آیا لیست [""عاشقانه"", ""درام"", ""شاهین"", ""جلو"", ""نزدیک""] شامل هیچ ژانرهای فیلم است؟ با «بله» یا «خیر» پاسخ دهید",خیر,0,0,
fa,all_words_from_category_2_distractors,SmolLM2-360M-Instruct,498,"آیا همه کلمات ""پنکه"", ""مایکروویو"", ""خانوادگی"", ""‌لباسشویی"" و ""سر"" از نوع لوازم خانگی هستند؟ به «بله» یا «خیر» پاسخ دهید.",یک دستیار مفید هستید. کوتاه و در,0,0,
fa,more_letters,EuroLLM-1_7B-Instruct,2500,"از بین کلمات ""نتیجه"" و ""دور"" کدام یک حروف بیشتری دارد؟","از بین کلمات ""نتیجه"" و ""دور"" کدام یک حروف بیشتری دارد",0,0,
fa,ends_with_letter,Llama-3_1-8B-Instruct,50,"کلمه ای بنویسید که آخرین حرف آن ""ط"" باشد","کلمه ""مفتط"" آخرین حرف آن ""ط"" است.",0,1,
fa,homophones,Llama-3_2-3B-Instruct,717,"از بین دو کلمه ""ارزه"" و ""ارائه""، کدام یک صدایش بیشتر شبیه ""عرضه"" است؟",ارزه,1,1,
fa,first_alphabetically_different_first_letter,gemma-3-1b,1511,"به ترتیب حروف الفبا، کدام کلمه اول می‌آید، ""مؤسسه"" یا ""دختر""؟",دختر,1,1,
fa,ends_with_letter,gemma-3-4b,90,"کلمه ای بنویسید که به ""م"" ختم شود",مریم,1,1,
fa,any_words_from_category_4_distractors,Qwen2_5-3B-Instruct,1255,"آیا هیچ یک از کلمات ""حقوق"", ""طول"", ""کرم"", ""ساحل"" و ""اتو"" نشان دهنده فضا و کمیت هستند؟ با «بله» یا «خیر» پاسخ دهید.",خیر,0,0,
fa,bigger_number,Qwen2_5-1_5B-Instruct,2549,"از بین اعداد 558 و 868، عدد بزرگتر را بنویسید:",عدد بزرگتر از 558 و 868 است 868.,0,0,
fa,starts_with_letter,Llama-3_2-3B-Instruct,97,"کلمه ای بنویسید که با ""ک"" شروع شود:",کتاب,1,1,
fa,first_alphabetically_consecutive_first_letter,Llama-3_2-3B-Instruct,2425,"از کلمات ""عضله"" و ""ظرفشویی""، کدام کلمه به ترتیب حروف الفبا اول می‌آید؟",(عضله),0,0,
fa,least_associated_word,SmolLM2-360M-Instruct,299,"از بین کلمات ""زیرا"", ""تو"", "" سپس"", ""اگرچه "" و ""همانند""، کدام کلمه کمترین ارتباط را با ""حروف ربط"" دارد؟",با حروف ربط را با دستیار مفید هست,0,0,
fa,first_alphabetically_consecutive_first_letter,ZharfaOpen-0309,1569,"به ترتیب حروف الفبا، کدام کلمه اول می‌آید، ""باریک"" یا ""ارزش""؟",ارزش,1,1,
fa,first_letter,ZharfaOpen-0309,2665,"حرف اول کلمه ""خوک"" را بنویسید",ک,0,0,
fa,bigger_number,gemma-3-1b,437,"کدام عدد بزرگتر است، 469 یا 777؟",777,1,1,
fa,word_after,SmolLM2-360M-Instruct,1239,"در جمله ""نزدیکترین سرویس خشکشویی کجاست؟""، کدام کلمه بلافاصله پس از کلمه ""سرویس"" آمده است؟","در جمله ""نزدیکترین سرویس خشک",0,0,
fa,less_letters_length_diff_3plus,Qwen2_5-1_5B-Instruct,1118,"کدام کلمه کوتاه‌تر است، ""فک"" یا ""پیشخدمت""؟",پیشخدمت,0,0,
fa,first_alphabetically_different_first_letter,Qwen2_5-3B-Instruct,7,"به ترتیب حروف الفبا، کدام یک از کلمات ""قاره"" و ""دویدن"" اول می‌آید؟",قاره,0,0,
fa,ends_with_letter,SmolLM2-1_7B-Instruct,3,"کلمه ای بنویسید که به حرف ""ب"" ختم شود",بسیار خوب.,0,1,
fa,word_containing,Llama-3_1-8B-Instruct,13,کلمه‌ای بنویس که شامل حرف «س» باشد,"کلمه ""ساعت"" شامل حرف ""س"" است.",0,1,
fa,ends_with_letter,gemma-3-1b,24,"کلمه ای بنویسید که به حرف ""م"" ختم شود",موز,0,0,
fa,first_word,Llama-3_2-3B-Instruct,745,"اولین کلمهٔ جملهٔ ""رهبر یک دسته نوجوانانی که دزدی میکردند"" چیست؟","اولین کلمهٔ جمله ""رهبر یک دسته نوجوانانی که دزدی میکردند"" کلمه ""رهبر"" است.",0,1,
fa,any_words_from_category_4_distractors,gemma-3-4b,735,"آیا هیچ یک از کلمات ""شهروند"", ""مردم"", ""زندان"", ""دخترعمه"" و ""زندگی‌نامه‌ای"" از نوع خانواده هستند؟ با «بله» یا «خیر» پاسخ دهید.",خیر,0,0,
fa,any_words_from_category_4_distractors,SmolLM2-1_7B-Instruct,897,"آیا هیچ یک از کلمات ""قایق"", ""تاریخی"", ""فضا"", ""عمه"" و ""پیلاتس"" از نوع حمل‌ونقل هستند؟ با «بله» یا «خیر» پاسخ دهید.",بله.,1,1,
fa,any_words_from_category,SmolLM2-1_7B-Instruct,2827,"آیا لیست [""حکومت"", ""پیشخدمت"", ""کانال"", ""شورت"", ""مردم""] شامل هیچ زندگی است؟ با «بله» یا «خیر» پاسخ دهید",بله.,0,0,
fa,most_associated_word,Qwen2_5-3B-Instruct,1673,"از بین کلمات ""طلا"", ""پشم"", ""آجر"", ""پارچه"" و ""موقعیت"" کدام کلمه بیشترین ارتباط را با کلمه ""فضا و کمیت"" دارد؟","طلا، پشم، آجر، پارچه.",0,0,
fa,less_letters_length_diff_1,Qwen2_5-1_5B-Instruct,1805,"کدام کلمه کوتاه‌تر است، ""شبکیه"" یا ""سه‌تار""؟",سه‌تار,0,0,
fa,first_alphabetically,Llama-3_1-8B-Instruct,1133,"به ترتیب حروف الفبا، کدام کلمه اول می‌آید، ""پیر"" یا ""اتو""؟","in ""اتو"" اول می‌آید.",0,1,
fa,starts_with_word,SmolLM2-1_7B-Instruct,18,"جمله‌ای بنویسید که با کلمه ""آمدن"" شروع شود",آمدن در ساختمان شما در حال حاضر,1,1,
fa,all_words_from_category_2_distractors,salamandra-2b-instruct,2175,"آیا لیست [""خانواده"", ""جمعیت"", ""پدر"", ""زوج"", ""مجموع""] فقط شامل خانواده است؟ به «بله» یا «خیر» پاسخ دهید.",ustamata,0,0,
fa,more_letters,Qwen2_5-1_5B-Instruct,1003,"کدام کلمه حروف بیشتری دارد، ""مشخص"" یا ""جوراب""؟","کلمه ""جوراب"" حروف بیشتری دارد.",0,1,
fa,sentence_containing,Llama-3_1-8B-Instruct,1286,"یک جمله با استفاده از کلمه ""اپراتور"" بنویس",اپراتور شبکه تلفن ثابت مسئول مدیریت و کنترل ارتباطات بین کاربران است.,1,1,
fa,any_words_from_category_4_distractors,Qwen2_5-1_5B-Instruct,1236,"آیا هیچ یک از کلمات ""فیزیکدان"", ""کرم"", ""یوگا"", ""بهمن"" و ""اورژانس"" نشان دهنده بلایای طبیعی هستند؟ با «بله» یا «خیر» پاسخ دهید.",خیر,0,0,
fa,any_words_from_category_3_distractors,Qwen2_5-1_5B-Instruct,220,"آیا هیچ یک از کلمات ""زندان"", ""دره"", ""پیاز"", ""خیار"" و ""زلزله"" از نوع سبزیجات هستند؟ با «بله» یا «خیر» پاسخ دهید.",خیر,0,0,
fa,last_word,gemma-3-1b,1034,"در جملهٔ ""به واسطهی شرایط جوی نامساعد""، آخرین کلمه چیست؟",نامساعد.,1,1,
fa,least_associated_word,ZharfaOpen-0309,779,"از بین کلمات ""ویولا"", ""ترومپت"", ""ویولن"", "" مقابل"" و ""کلارینت""، کدام کلمه کمترین ارتباط را با ""سازها"" دارد؟","کلارینت کمترین ارتباط با ""سازها""",0,0,
fa,first_word,gemma-3-4b,1704,"در جملهٔ ""ژاپن""، اولین کلمه چیست؟",ژاپن,1,1,
fa,bigger_number,ZharfaOpen-0309,2245,"از بین اعداد 425 و 677، عدد بزرگتر را بنویسید:",677,1,1,
fa,sentence_containing,SmolLM2-1_7B-Instruct,382,"یک جمله بنویس که شامل کلمه ""لب"" باشد",لب در سخنان دیگر در دستیار شما,1,1,
fa,homophones,Qwen2_5-1_5B-Instruct,259,"کدام کلمه صدایش شبیه کلمه ""الیم""، ""علیم"" یا ""ماژیک"" است؟","کلمه ""میک"" شبیه کلمه ""الیم""، ""علیم"" یا ""ماژیک",0,0,
fa,all_words_from_category,Qwen2_5-1_5B-Instruct,1957,"آیا همه کلمات ""کفش"", ""کلاه"", ""جوراب"", ""زیتونی"" و ""مقنعه"" نشان‌دهنده پوشاک هستند؟ به «بله» یا «خیر» پاسخ دهید.",خیر,1,1,
fa,rhyming_word_orthographically_similar,gemma-3-4b,421,"کدام کلمه با کلمه ""صورت"" هم قافیه است، ""عبارت"" یا ""باغ"" ؟",باغ,0,0,
fa,less_letters_length_diff_3plus,SmolLM2-360M-Instruct,1951,"کدام کلمه کوتاه‌تر است، ""دبیرستان"" یا ""فرضاً""؟","دبیرستان ، در دستیار مفید هستید. د",0,0,
fa,word_after,Qwen2_5-1_5B-Instruct,985,"در جمله ""جلسهی دادگاه هنوز ادامه دارد""،کدام کلمه درست بعد از کلمه ""هنوز"" آمده است؟","در جمله ""جلسهی دادگاه هنوز ادامه دارد""، کلمه ""اید"" درست بعد ا",0,0,
fa,word_containing,SmolLM2-360M-Instruct,82,کلمه‌ای بنویس که حرف «ض» را داشته باشد,با حرف «ض» را داشته باشد.,0,0,
fa,more_letters_length_diff_1,ZharfaOpen-0309,2699,"از بین کلمات ""دوچرخه"" و ""کارتینگ"" کدام یک حروف بیشتری دارد؟",کارتینگ حروف بیشتری دارد.,0,1,
fa,any_words_from_category,Llama-3_1-8B-Instruct,1484,"آیا هیچ یک از کلمات ""منشی"", ""کرم"", ""دامن"", ""سرمه‌ای"" و ""همکار"" نشان دهنده پوشاک هستند؟ با «بله» یا «خیر» پاسخ دهید.","in ""دامن"" نشان دهنده پوشاک است.",0,1,
fa,less_letters_length_diff_3plus,EuroLLM-1_7B-Instruct,2784,"از بین کلمات ""و"" و ""سرمه‌ای"" کدام یک حروف کمتری دارد؟","از بین کلمات ""و"" و ""سرمه‌ای"" کدام یک حروف کمتری دار",0,0,
fa,starts_with_word,ZharfaOpen-0309,108,"جمله‌ای بنویسید که اولین کلمه آن ""به"" باشد",به سمت فروشگاه رفتم.,1,1,
fa,homophones,salamandra-2b-instruct,234,"کدام کلمه صدایش شبیه کلمه ""پادری""، ""اثیر"" یا ""اسیر"" است؟",ustamata,0,0,
fa,all_words_from_category_0_distractors,ZharfaOpen-0309,1107,"آیا همه کلمات ""مغز"", ""معده"", ""چانه"", ""پا"" و ""پاشنه"" نشان‌دهنده بدن انسان هستند؟ به «بله» یا «خیر» پاسخ دهید.",بله.,1,1,
fa,more_letters_length_diff_3plus,Llama-3_1-8B-Instruct,797,"کدام کلمه طولانی‌تر است، ""بلکه"" یا ""وحشتناک""؟","in ""بلکه"" طولانی‌تر است.",0,0,
fa,word_after,Qwen2_5-3B-Instruct,2205,"در جملهٔ «پلیس از یکی از زندانیان به عنوان خبر کش استفاده کرد»، کدام کلمه بلافاصله بعد از «کش» می‌آید؟",خبر,0,0,
fa,homophones,gemma-3-4b,787,"از بین دو کلمه ""سمر"" و ""مطالعه""، کدام یک صدایش بیشتر شبیه ""ثمر"" است؟",مطالعه,0,0,
fa,more_letters_length_diff_1,ZharfaOpen-0309,696,"کدام کلمه طولانی‌تر است، ""مطلق"" یا ""چرم""؟","کلمه ""چرم"" طولانی‌تر است.",0,0,
fa,smaller_number,SmolLM2-360M-Instruct,1928,"از بین اعداد 74 و 866، کدام کوچکتر است؟",یک دستیار مفید هستید. کوتاه و در,0,0,
fa,less_letters_length_diff_3plus,salamandra-2b-instruct,1637,"کدام کلمه کوتاه‌تر است، ""عمداً"" یا ""هلیکوپتر""؟",آنها بصرت جيزى كوت,0,0,
fa,first_alphabetically_far_first_letter,gemma-3-4b,1786,"به ترتیب حروف الفبا، کدام کلمه اول می‌آید، ""آشپز"" یا ""لرزیدن""؟",آشپز,0,1,
fa,more_letters,gemma-3-4b,2866,"از بین کلمات ""گاهی"" و ""مقنعه"" کدام یک حروف بیشتری دارد؟",گاهی,0,0,
fa,last_letter,Qwen2_5-1_5B-Instruct,2604,"آخرین حرف کلمه ""اقتصاد"" را بنویسید","آخرین حرف کلمه ""اقتصاد"" است ""کار"".",0,0,
fa,word_not_containing,salamandra-2b-instruct,10,"کلمه‌ای بنویس که شامل حرف «ذ» نباشد:
",آزقي این جمله علی ص,0,0,
fa,first_word,Llama-3_1-8B-Instruct,2894,"اولین کلمهٔ جملهٔ ""حیوانکی زانویش صدمه دید!"" را بنویس",in,0,0,
fa,first_alphabetically_far_first_letter,Llama-3_2-3B-Instruct,666,"به ترتیب حروف الفبا، کدام یک از کلمات ""لغزیدن"" و ""کونگ‌فو"" اول می‌آید؟",کونگ‌فو,1,1,
fa,last_word,SmolLM2-360M-Instruct,1197,"در جملهٔ ""برخورد فرهنگها""، آخرین کلمه چیست؟","در جملهٔ ""برخورد فرهنگها""، آ",0,0,
fa,sentence_not_containing,Llama-3_2-3B-Instruct,1357,"یک جمله بدون استفاده از کلمه ""طول"" بنویس","سفید، قرمز و زرد رنگ های مختلف در رنگ های مختلفی استفاده می شوند.",1,1,
fa,more_letters_length_diff_1,Qwen2_5-3B-Instruct,2210,"از بین کلمات ""بهمن"" و ""ملوان"" کدام یک حروف بیشتری دارد؟",بهمن حروف بیشتری دارد.,0,0,
fa,rhyming_word_orthographically_similar,Llama-3_2-3B-Instruct,1212,"کدام‌ یک با کلمه ""خرگوش"" هم قافیه است، ""پدر"" یا ""فروش"" ؟",(فروش),1,1,
fa,first_alphabetically_different_first_letter,EuroLLM-1_7B-Instruct,2112,"از کلمات ""لغزیدن"" و ""زرد""، کدام کلمه به ترتیب حروف الفبا اول می‌آید؟","از کلمات ""لغزیدن"" و ""زرد""، کدام کلمه به ترتیب حروف الف",0,0,
fa,more_letters_length_diff_1,Llama-3_1-8B-Instruct,1231,"کدام کلمه حروف بیشتری دارد، ""مقدار"" یا ""عقاب""؟","کلمه ""عقاب"" حروف بیشتری دارد.",0,0,
fa,last_letter,Llama-3_2-3B-Instruct,1070,"کلمه ""نهم"" به کدام حرف ختم می‌شود؟",(ن),0,0,
fa,less_letters_length_diff_1,Qwen2_5-3B-Instruct,2183,"از بین کلمات ""طبیعت"" و ""نسبتاً"" کدام یک حروف کمتری دارد؟",نسبتاً,0,0,
fa,any_words_from_category_5_distractors,Qwen2_5-1_5B-Instruct,190,"آیا هیچ یک از کلمات ""طلایی"", ""تقاضا"", ""دانشجو"", ""پسر"" و ""تجارت"" از نوع فضا و کمیت هستند؟ با «بله» یا «خیر» پاسخ دهید.",خیر,1,1,
fa,first_letter,gemma-3-1b,2485,"حرف اول کلمه ""آبی"" را بنویسید",بر.,0,0,
fa,smaller_number,gemma-3-4b,1538,"از بین اعداد 202 و 569، کدام کوچکتر است؟",202,1,1,
fa,any_words_from_category_5_distractors,gemma-3-1b,1761,"آیا هیچ یک از کلمات ""کت"", ""تعرفه"", ""نیروگاه"", ""مس"" و ""شیشه"" نشان دهنده جامعه هستند؟ با «بله» یا «خیر» پاسخ دهید.",خیر,1,1,
fa,first_alphabetically,Qwen2_5-1_5B-Instruct,2442,"از کلمات ""هشتم"" و ""دره""، کدام کلمه به ترتیب حروف الفبا اول می‌آید؟","""دره"" به ترتیب حروف الفبا اول می‌آید.",0,1,
fa,least_associated_word,gemma-3-4b,2985,"از بین کلمات زیر، کلمه‌ای را انتخاب کنید که کمترین ارتباط را با کلمه ""اقتصاد"" دارد - ""زن"", ""مشتری"", ""مالیات"", ""محصول"", ""فروش""",زن,1,1,
fa,ends_with_word,Qwen2_5-1_5B-Instruct,1553,"جمله‌ای بنویسید که آخرین کلمه آن ""عصبانی"" باشد:","""این کتاب عصبانی است.""",0,0,
fa,less_letters,EuroLLM-1_7B-Instruct,671,"کدام کلمه حروف کمتری دارد، ""شوهر"" یا ""شخص""؟",شخص یک دستیار مفید هستید. کوتاه و درست پاسخ دهی,0,0,
fa,first_alphabetically_different_first_letter,Qwen2_5-1_5B-Instruct,285,"به ترتیب حروف الفبا، کدام یک از کلمات ""آبی"" و ""ضخیم"" اول می‌آید؟","به ترتیب حروف الفبا، کلمه ""آبی"" اول و کلمه ""ضخیم"" دوم",0,0,
fa,smaller_number,salamandra-2b-instruct,1278,"از بین اعداد 934 و 214، کدام کوچکتر است؟",آلي کوچکتر است؟,0,0,
fa,starts_with_word,gemma-3-4b,64,"جمله‌ای بنویسید که اولین کلمه آن ""سیزده"" باشد","سیزدهمین بار، قلبم شکسته است.",0,0,
fa,word_before,Llama-3_1-8B-Instruct,1742,"در جمله ""او محرمانه معشوق مرد خود را ملاقات میکند""، کدام کلمه بلافاصله قبل از کلمه ""خود"" آمده است؟","در جمله ""او محرمانه معشوق مرد خود را ملاقات میکند""، کلمه ""مرد"" بلافاصله قبل از",0,1,
fa,first_alphabetically_same_first_letter,gemma-3-4b,848,"به ترتیب حروف الفبا، کدام یک از کلمات ""طلایی"" و ""طبیعت"" اول می‌آید؟",طبیعت,1,1,
fa,starts_with_letter,Qwen2_5-3B-Instruct,73,"کلمه ای بنویسید که با ""ح"" شروع شود:",حیوانات,1,1,
fa,first_letter,Qwen2_5-3B-Instruct,2195,"حرف اول کلمه ""نرم"" را بنویسید",ن,1,1,
fa,all_words_from_category_2_distractors,Qwen2_5-3B-Instruct,2688,"آیا لیست [""تولد"", ""فیزیکدان"", ""مرگ"", ""کاپشن"", ""رشد""] فقط شامل زندگی است؟ به «بله» یا «خیر» پاسخ دهید.",خیر,1,1,
fa,more_letters_length_diff_3plus,SmolLM2-1_7B-Instruct,1559,"کدام کلمه حروف بیشتری دارد، ""علاقه‌مند"" یا ""سه‌تار""؟","کلمه ""علاقه‌مند"" است. این اطلاعات",0,1,
fa,first_alphabetically,ZharfaOpen-0309,224,"به ترتیب حروف الفبا، کدام یک از کلمات ""دیروز"" و ""تخفیف"" اول می‌آید؟",تخفیف,1,1,
fa,rhyming_word_orthographically_similar,EuroLLM-1_7B-Instruct,1224,"کدام‌ یک با کلمه ""اغلب"" هم قافیه است، ""تبعیض"" یا ""قلب"" ؟","با می‌توانم، کدام‌ یک با کلمه ""اغلب"" هم قافیه است،",0,0,
fa,any_words_from_category,EuroLLM-1_7B-Instruct,318,"آیا هیچ یک از کلمات ""زرد"", ""کراس‌فیت"", ""فقر"", ""فاصله"" و ""کامل"" از نوع محل‌های کار هستند؟ با «بله» یا «خیر» پاسخ دهید.","بیان:

هیچ یک از کلمات ""زرد"", ""کراس‌فیت"", ""ف",0,0,
fa,homophones,Qwen2_5-3B-Instruct,533,"از بین دو کلمه ""خیش"" و ""خود""، کدام یک صدایش بیشتر شبیه ""خویش"" است؟",خیش,1,1,
fa,word_before,gemma-3-1b,351,"در جمله ""آنان که از تندرستی برخوردارند نیازی به پزشک ندارند""، کدام کلمه درست پیش از کلمه ""نیازی"" آمده است؟",بهتر است.,0,0,
fa,any_words_from_category,Qwen2_5-3B-Instruct,876,"آیا هیچ یک از کلمات ""بازار"", ""ملوان"", ""باتری"", ""صندلی"" و ""شنا"" از نوع سازها هستند؟ با «بله» یا «خیر» پاسخ دهید.",خیر,0,1,
fa,any_words_from_category,SmolLM2-360M-Instruct,106,"آیا هیچ یک از کلمات ""پارچه"", ""فانتزی"", ""بالغ"", ""شن"" و ""دختر"" از نوع مردم هستند؟ با «بله» یا «خیر» پاسخ دهید.",یک دستیار مفید هستید. کوتاه و در,0,0,
fa,word_not_containing,Qwen2_5-1_5B-Instruct,89,"کلمه‌ای بنویس که حرف «ل» را نداشته باشد:
",موفق,1,1,
fa,sentence_containing,Qwen2_5-3B-Instruct,1050,"یک جمله با استفاده از کلمه ""بی‌حوصله"" بنویس",او به نظر می‌رسید بی‌حوصله در مورد این بحث بود.,1,1,
fa,all_words_from_category_1_distractors,SmolLM2-360M-Instruct,2943,"آیا لیست [""اتو"", ""سشوار"", ""پنکه"", ""ملخ"", ""بخاری""] فقط شامل لوازم خانگی است؟ به «بله» یا «خیر» پاسخ دهید.",یک دستیار مفید هستید. کوتاه و در,0,0,
fa,less_letters_length_diff_3plus,Llama-3_2-3B-Instruct,1670,"کدام کلمه کوتاه‌تر است، ""و"" یا ""لباس""؟",(و),1,1,
fa,first_word,salamandra-2b-instruct,2873,"اولین کلمهٔ جملهٔ ""پرستاران بیمار را برای جراحی آماده کردند"" را بنویس",ustamata,0,0,
fa,less_letters_length_diff_3plus,gemma-3-4b,919,"کدام کلمه حروف کمتری دارد، ""دهان"" یا ""هلیکوپتر""؟",دهان,1,1,
