Topic,Word,POS,Transcription,,,,,
زندگی,زندگی,NOUN,zendeɡiː,,,,,
زندگی,مرگ,NOUN,mærɡ,,,,,
زندگی,تولد,NOUN,tævællod,,,,,
زندگی,رشد,NOUN,rosd,,,,,
زندگی,تجربه,NOUN,tæjrobe,,,,,
زندگی,پیری,NOUN,piːriː,,,,,
زندگی,جوانی,NOUN,jævæniː,,,,,
زندگی,حیات,NOUN,hæyæt,,,,,
سبزیجات,گوجه,NOUN,ɡowje,,,,,
سبزیجات,خیار,NOUN,xiːyær,,,,,
سبزیجات,پیاز,NOUN,piːyæz,,,,,
سبزیجات,کاهو,NOUN,kæhuː,,,,,
سبزیجات,هویج,NOUN,hæviːj,,,,,
سبزیجات,اسفناج,NOUN,esfenæj,,,,,
سبزیجات,شلغم,NOUN,sælqæm,,,,,
سبزیجات,قارچ,NOUN,qærc,,,,,
سبزیجات,چغندر,NOUN,coqondær,,,,,
سبزیجات,سیر,NOUN,seyr,,,,,
سبزیجات,فلفل,NOUN,felfel,,,,,
سبزیجات,ذرت,NOUN,zorræt,,,,,
سبزیجات,کرفس,NOUN,kæræfs,,,,,
سبزیجات,کلم,NOUN,kælæm,,,,,
سبزیجات,بامیه,NOUN,bæmiːye,,,,,
سبزیجات,کدو,NOUN,kæduː,,,,,
سبزیجات,بادمجان,NOUN,bædemjæn,,,,,
افعال حسی,دیدن,VERB,diːdn,,,,,
افعال حسی,شنیدن,VERB,ʃniːdn,,,,,
افعال حسی,بوییدن,VERB,buːiːiːdn,,,,,
افعال حسی,چشیدن,VERB,tʃʃiːdn,,,,,
افعال حسی,لرزیدن,VERB,lɾziːdn,,,,,
افعال حسی,لمسیدن,VERB,lmsiːdn,,,,,
افعال حرکت,رفتن,VERB,ɾftn,,,,,
افعال حرکت,آمدن,VERB,ɒːmdn,,,,,
افعال حرکت,دویدن,VERB,duːiːdn,,,,,
افعال حرکت,افتادن,VERB,ɒːftɒːdn,,,,,
افعال حرکت,برگشتن,VERB,bɾɡʃtn,,,,,
افعال حرکت,لغزیدن,VERB,lɣziːdn,,,,,
افعال حرکت,چرخیدن,VERB,tʃɾxiːdn,,,,,
افعال حرکت,نشستن,VERB,nʃstn,,,,,
افعال حرکت,پریدن,VERB,pɾiːdn,,,,,
افعال حرکت,کشیدن,VERB,kʃiːdn,,,,,
افعال وجود,بودن,VERB,buːdn,,,,,
افعال وجود,داشتن,VERB,dɒːʃtn,,,,,
افعال وجود,ماندن,VERB,mɒːndn,,,,,
افعال وجود,زیستن,VERB,ziːstn,,,,,
افعال وجود,مردن,VERB,mɾdn,,,,,
افعال فعالیت,خواندن,VERB,xuːɒːndn,,,,,
افعال فعالیت,نوشتن,VERB,nuːʃtn,,,,,
افعال فعالیت,پرسیدن,VERB,pɾsiːdn,,,,,
افعال فعالیت,ساختن,VERB,sɒːxtn,,,,,
افعال فعالیت,پختن,VERB,pxtn,,,,,
حمل‌ونقل,ماشین,NOUN,mæsiːn,,,,,
حمل‌ونقل,اتوبوس,NOUN,otobuːs,,,,,
حمل‌ونقل,قطار,NOUN,qætær,,,,,
حمل‌ونقل,هواپیما,NOUN,hævæpeymæ,,,,,
حمل‌ونقل,دوچرخه,NOUN,docærxe,,,,,
حمل‌ونقل,تراموا,NOUN,teræmvæ,,,,,
حمل‌ونقل,تاکسی,NOUN,tæksiː,,,,,
حمل‌ونقل,مترو,NOUN,metro,,,,,
حمل‌ونقل,کشتی,NOUN,kestiː,,,,,
حمل‌ونقل,خودرو,NOUN,xodrow,,,,,
حمل‌ونقل,موتور,NOUN,motor,,,,,
حمل‌ونقل,جت,NOUN,jet,,,,,
حمل‌ونقل,هلیکوپتر,NOUN,heliːkopter,,,,,
حمل‌ونقل,قایق,NOUN,qæyeq,,,,,
حمل‌ونقل,ویلچر,NOUN,viːlcer,,,,,
حمل‌ونقل,کامیون,NOUN,kæmiːyon,,,,,
حمل‌ونقل,ماشین,NOUN,mæsiːn,,,,,
جامعه,مردم,NOUN,mærdom,,,,,
جامعه,قانون,NOUN,qænuːn,,,,,
جامعه,فرهنگ,NOUN,færhænɡ,,,,,
جامعه,دولت,NOUN,dowlæt,,,,,
جامعه,جامعه,NOUN,jæmee,,,,,
جامعه,اجتماع,NOUN,ejtemæ,,,,,
جامعه,جمعیت,NOUN,jæmiːyyæt,,,,,
جامعه,گروه,NOUN,ɡoruːh,,,,,
جامعه,نظام,NOUN,nezæm,,,,,
جامعه,قشر,NOUN,qesr,,,,,
جامعه,حکومت,NOUN,hokuːmæt,,,,,
جامعه,ملت,NOUN,mellæt,,,,,
جامعه,شهروند,NOUN,sæhrvænd,,,,,
جامعه,امنیت,NOUN,æmniːyyæt,,,,,
جامعه,سنت,NOUN,sent,,,,,
جامعه,هویت,NOUN,hoviːyyæt,,,,,
جامعه,آداب,NOUN,ædæb,,,,,
جامعه,رسوم,NOUN,rosuːm,,,,,
جامعه,اقتصاد,NOUN,eqtesæd,,,,,
جامعه,فقر,NOUN,fæqr,,,,,
جامعه,بازار,NOUN,bæzær,,,,,
جامعه,بیکاری,NOUN,biːkæriː,,,,,
جامعه,همکاری,NOUN,hæmkæriː,,,,,
جامعه,همبستگی,NOUN,hæmbæsteɡiː,,,,,
جامعه,حقوق,NOUN,hoquːq,,,,,
جامعه,تبعیض,NOUN,tæbiːz,,,,,
پوشاک,لباس,NOUN,lebæs,,,,,
پوشاک,کفش,NOUN,kæfs,,,,,
پوشاک,پیراهن,NOUN,piːræhæn,,,,,
پوشاک,شلوار,NOUN,sælvær,,,,,
پوشاک,کلاه,NOUN,kolæh,,,,,
پوشاک,بلوز,NOUN,boluːz,,,,,
پوشاک,کت,NOUN,kot,,,,,
پوشاک,پالتو,NOUN,pæltow,,,,,
پوشاک,کاپشن,NOUN,kæpsæn,,,,,
پوشاک,ژاکت,NOUN,zækæt,,,,,
پوشاک,دامن,NOUN,dæmæn,,,,,
پوشاک,شلوارک,NOUN,sælværæk,,,,,
پوشاک,صندل,NOUN,sændæl,,,,,
پوشاک,بوت,NOUN,buːt,,,,,
پوشاک,دمپایی,NOUN,dæmpæyiː,,,,,
پوشاک,شورت,NOUN,sort,,,,,
پوشاک,سوتین,NOUN,suːtiːn,,,,,
پوشاک,زیرپوش,NOUN,ziːrpuːs,,,,,
پوشاک,شال,NOUN,sæl,,,,,
پوشاک,روسری,NOUN,ruːsæriː,,,,,
پوشاک,مقنعه,NOUN,mæqnæe,,,,,
پوشاک,مانتو,NOUN,mænto,,,,,
پوشاک,چادر,NOUN,cædor,,,,,
پوشاک,عبا,NOUN,æbæ,,,,,
پوشاک,جوراب,NOUN,juːræb,,,,,
پوشاک,دستکش,NOUN,dæstkes,,,,,
پوشاک,جامه,NOUN,jæme,,,,,
پوشاک,کراوات,NOUN,kerævæt,,,,,
مشاغل,معلم,NOUN,moællem,,,,,
مشاغل,پزشک,NOUN,pezesk,,,,,
مشاغل,مهندس,NOUN,mohændes,,,,,
مشاغل,کارگر,NOUN,kærɡær,,,,,
مشاغل,دانشجو,NOUN,dænesjuː,,,,,
مشاغل,استاد,NOUN,ostæd,,,,,
مشاغل,مربی,NOUN,moræbbiː,,,,,
مشاغل,مدرس,NOUN,mædræs,,,,,
مشاغل,پرستار,NOUN,pæræstær,,,,,
مشاغل,دندانپزشک,NOUN,dændænpezesk,,,,,
مشاغل,داروساز,NOUN,dæruːsæz,,,,,
مشاغل,ماما,NOUN,mæmæ,,,,,
مشاغل,تکنسین,NOUN,teknesiːæn,,,,,
مشاغل,برقکار,NOUN,bærqkær,,,,,
مشاغل,مکانیک,NOUN,mekæniːk,,,,,
مشاغل,کارمند,NOUN,kærmænd,,,,,
مشاغل,مدیر,NOUN,modiːr,,,,,
مشاغل,منشی,NOUN,monsiː,,,,,
مشاغل,حسابدار,NOUN,hesæbdær,,,,,
مشاغل,اپراتور,NOUN,operætor,,,,,
مشاغل,نجار,NOUN,næjjær,,,,,
مشاغل,بنا,NOUN,bænæ,,,,,
مشاغل,جوشکار,NOUN,juːskær,,,,,
مشاغل,نقاش,NOUN,næqqæs,,,,,
مشاغل,فروشنده,NOUN,foruːsænde,,,,,
مشاغل,صندوقدار,NOUN,sændoqdær,,,,,
مشاغل,تاجر,NOUN,tæjer,,,,,
مشاغل,آشپز,NOUN,æspæz,,,,,
مشاغل,نانوا,NOUN,nænvæ,,,,,
مشاغل,قناد,NOUN,qænnæd,,,,,
مشاغل,پیشخدمت,NOUN,piːsxedmæt,,,,,
مشاغل,راننده,NOUN,rænænde,,,,,
مشاغل,خلبان,NOUN,xælæbæn,,,,,
مشاغل,ملوان,NOUN,mælævæn,,,,,
مشاغل,ناخدا,NOUN,næxodæ,,,,,
مشاغل,هنرمند,NOUN,honærmænd,,,,,
مشاغل,بازیگر,NOUN,bæziːɡær,,,,,
مشاغل,خواننده,NOUN,xænænde,,,,,
مشاغل,نویسنده,NOUN,neviːsænde,,,,,
مشاغل,خبرنگار,NOUN,xæbærneɡær,,,,,
مشاغل,پلیس,NOUN,poliːs,,,,,
مشاغل,افسر,NOUN,æfsær,,,,,
مشاغل,نگهبان,NOUN,neɡæhbæn,,,,,
مشاغل,وکیل,NOUN,vækiːl,,,,,
مشاغل,قاضی,NOUN,qæziː,,,,,
مشاغل,مشاور,NOUN,mosæver,,,,,
مشاغل,سیاستمدار,NOUN,siːyæsætmædær,,,,,
مشاغل,دانشمند,NOUN,dænesmænd,,,,,
مشاغل,فیزیکدان,NOUN,fiːziːkdæn,,,,,
مشاغل,پژوهشگر,NOUN,pæzuːhesɡær,,,,,
حروف اضافه,از,ADPOSITION,æz,,,,,
حروف اضافه,به,ADPOSITION,be,,,,,
حروف اضافه,با,ADPOSITION,bæ,,,,,
حروف اضافه,در,ADPOSITION,dær,,,,,
حروف اضافه,برای,ADPOSITION,bæræye,,,,,
حروف اضافه,روی,ADPOSITION,ræviːyy,,,,,
حروف اضافه,زیر,ADPOSITION,ziːr,,,,,
حروف اضافه,بدون,ADPOSITION,beduːne,,,,,
حروف اضافه,درباره,ADPOSITION,dærbære,,,,,
حروف اضافه,مثل,ADPOSITION,mæsæl,,,,,
حروف اضافه,داخل,ADPOSITION,dæxel,,,,,
حروف اضافه,بیرون,ADPOSITION,biːruːn,,,,,
حروف اضافه,کنار,ADPOSITION,kenær,,,,,
حروف اضافه,مقابل,ADPOSITION,moqæbel,,,,,
حروف اضافه,بین,ADPOSITION,bæyyen,,,,,
حروف اضافه,جلو,ADPOSITION,jelov,,,,,
حروف اضافه,پشت,ADPOSITION,post,,,,,
حروف اضافه,دور,ADPOSITION,dowr,,,,,
حروف اضافه,هنگام,ADPOSITION,henɡæm,,,,,
حروف اضافه,تا,ADPOSITION,tæ,,,,,
حروف اضافه,طی,ADPOSITION,teyy,,,,,
حروف اضافه,خلاف,ADPOSITION,xælæf,,,,,
حروف اضافه,طبق,ADPOSITION,tæbæq,,,,,
اعداد,صفر,DETERMINER,sefr,,,,,
اعداد,یک,DETERMINER,yek,,,,,
اعداد,دو,DETERMINER,dæv,,,,,
اعداد,سه,DETERMINER,se,,,,,
اعداد,چهار,DETERMINER,cæhær,,,,,
اعداد,پنج,DETERMINER,pænj,,,,,
اعداد,شش,DETERMINER,ses,,,,,
اعداد,هفت,DETERMINER,hæft,,,,,
اعداد,هشت,DETERMINER,hæst,,,,,
اعداد,نه,DETERMINER,noh,,,,,
اعداد,ده,DETERMINER,dæh,,,,,
اعداد,یازده,DETERMINER,yæzdæh,,,,,
اعداد,دوازده,DETERMINER,dævæzdæh,,,,,
اعداد,سیزده,DETERMINER,siːzdæh,,,,,
واحدهای اندازه‌گیری,متر,NOUN,metr,,,,,
واحدهای اندازه‌گیری,کیلو,NOUN,kiːluː,,,,,
واحدهای اندازه‌گیری,لیتر,NOUN,liːtr,,,,,
واحدهای اندازه‌گیری,درجه,NOUN,dæræje,,,,,
واحدهای اندازه‌گیری,کیلومتر,NOUN,kiːluːmetr,,,,,
واحدهای اندازه‌گیری,اینچ,NOUN,iːnc,,,,,
واحدهای اندازه‌گیری,گرم,NOUN,ɡærm,,,,,
واحدهای اندازه‌گیری,تن,NOUN,ton,,,,,
واحدهای اندازه‌گیری,گالن,NOUN,ɡælon,,,,,
واحدهای اندازه‌گیری,بشکه,NOUN,boske,,,,,
واحدهای اندازه‌گیری,ثانیه,NOUN,sæniːye,,,,,
واحدهای اندازه‌گیری,دقیقه,NOUN,dæqiːqe,,,,,
واحدهای اندازه‌گیری,روز,NOUN,ruːz,,,,,
واحدهای اندازه‌گیری,هفته,NOUN,hæfte,,,,,
واحدهای اندازه‌گیری,فارنهایت,NOUN,færenhæyt,,,,,
واحدهای اندازه‌گیری,هکتار,NOUN,hektær,,,,,
واحدهای اندازه‌گیری,جفت,NOUN,joft,,,,,
واحدهای اندازه‌گیری,بسته,NOUN,bæste,,,,,
واحدهای اندازه‌گیری,عدد,NOUN,ædæd,,,,,
ماه‌های سال,فروردین,DATE,færværdiːn,,,,,
ماه‌های سال,اردیبهشت,DATE,ordiːbehest,,,,,
ماه‌های سال,خرداد,DATE,xordæd,,,,,
ماه‌های سال,تیر,DATE,tiːr,,,,,
ماه‌های سال,مرداد,DATE,mordæd,,,,,
ماه‌های سال,شهریور,DATE,sæhriːvær,,,,,
ماه‌های سال,مهر,DATE,mehr,,,,,
ماه‌های سال,آبان,DATE,æbæn,,,,,
ماه‌های سال,آذر,DATE,æzær,,,,,
ماه‌های سال,دی,DATE,dey,,,,,
ماه‌های سال,بهمن,DATE,bæhmæn,,,,,
ماه‌های سال,اسفند,DATE,esfænd,,,,,
مواد,چوب,NOUN,tʃuːb,,,,,
مواد,طلا,NOUN,tlɒː,,,,,
مواد,فلز,NOUN,flz,,,,,
مواد,نقره,NOUN,nɣɾh,,,,,
مواد,پلاستیک,NOUN,plɒːstiːk,,,,,
مواد,سنگ,NOUN,snɡ,,,,,
مواد,شیشه,NOUN,ʃiːʃh,,,,,
مواد,سیمان,NOUN,siːmɒːn,,,,,
مواد,آهن,NOUN,ɒːhn,,,,,
مواد,آجر,NOUN,ɒːdʒɾ,,,,,
مواد,گچ,NOUN,ɡtʃ,,,,,
مواد,بتن,NOUN,btn,,,,,
مواد,مس,NOUN,ms,,,,,
مواد,فولاد,NOUN,fuːlɒːd,,,,,
مواد,آلومینیوم,NOUN,ɒːluːmiːniːuːm,,,,,
مواد,خاک,NOUN,xɒːk,,,,,
مواد,چرم,NOUN,tʃɾm,,,,,
مواد,شن,NOUN,ʃn,,,,,
مواد,پشم,NOUN,pʃm,,,,,
مواد,ماسه,NOUN,mɒːsh,,,,,
مواد,پارچه,NOUN,pɒːɾtʃh,,,,,
مواد,کتان,NOUN,ktɒːn,,,,,
مواد,پنبه,NOUN,pnbh,,,,,
مواد,ابریشم,NOUN,ɒːbɾiːʃm,,,,,
مواد,آب,NOUN,ɒːb,,,,,
مواد,گاز,NOUN,ɡɒːz,,,,,
مواد,نفت,NOUN,nft,,,,,
محل‌های کار,دفتر,NOUN,dæfˈtær,,,,,
محل‌های کار,اداره,NOUN,edɒːˈɾe,,,,,
محل‌های کار,مدرسه,NOUN,mædɾæˈse,,,,,
محل‌های کار,دانشگاه,NOUN,dɒːneʃˈgɒːh,,,,,
محل‌های کار,بیمارستان,NOUN,biːmɒːɾesˈtɒːn,,,,,
محل‌های کار,کارخانه,NOUN,kɒːɾxɒːˈne,,,,,
محل‌های کار,فروشگاه,NOUN,foɾuːʃˈgɒːh,,,,,
محل‌های کار,رستوران,NOUN,ɾestʊˈɾɒːn,,,,,
محل‌های کار,فرودگاه,NOUN,foɾuːdˈgɒːh,,,,,
محل‌های کار,انبار,NOUN,ænbɒːɾ,,,,,
محل‌های کار,مزرعه,NOUN,mæzɾæˈʔe,,,,,
محل‌های کار,اورژانس,NOUN,oːɾʒɒːns,,,,,
محل‌های کار,باغ,NOUN,bɒːɣ,,,,,
محل‌های کار,پایگاه,NOUN,pɒːjˈgɒːh,,,,,
محل‌های کار,گلخانه,NOUN,golxɒːˈne,,,,,
محل‌های کار,پادگان,NOUN,pɒːdˈgɒːn,,,,,
محل‌های کار,آزمایشگاه,NOUN,ɒːzmɒːjeʃˈgɒːh,,,,,
محل‌های کار,پژوهشگاه,NOUN,pæʒuːheʃˈgɒːh,,,,,
محل‌های کار,زندان,NOUN,zendɒːn,,,,,
محل‌های کار,شهرداری,NOUN,ʃæhɾdɒːˈɾi,,,,,
محل‌های کار,وزارتخانه,NOUN,vezɒːɾætˈxɒːne,,,,,
محل‌های کار,دادگاه,NOUN,dɒːdˈgɒːh,,,,,
محل‌های کار,استودیو,NOUN,estudiˈjo,,,,,
محل‌های کار,چاپخانه,NOUN,tʃɒːpxɒːˈne,,,,,
محل‌های کار,تحریریه,NOUN,tæhɾiːɾiˈje,,,,,
محل‌های کار,بندر,NOUN,bændæɾ,,,,,
محل‌های کار,انتشارات,NOUN,enteʃɒːˈɾɒːt,,,,,
محل‌های کار,ایستگاه,NOUN,iːstˈgɒːh,,,,,
محل‌های کار,گمرک,NOUN,gomɾok,,,,,
محل‌های کار,ترمینال,NOUN,teɾmiːˈnɒːl,,,,,
محل‌های کار,کافه,NOUN,kɒːˈfe,,,,,
محل‌های کار,مغازه,NOUN,mæɣɒːˈze,,,,,
محل‌های کار,آشپزخانه,NOUN,ɒːʃpæzxɒːˈne,,,,,
محل‌های کار,بازار,NOUN,bɒːˈzɒːɾ,,,,,
محل‌های کار,نانوایی,NOUN,nɒːnævɒːˈji,,,,,
محل‌های کار,پاساژ,NOUN,pɒːˈsɒːʒ,,,,,
محل‌های کار,قنادی,NOUN,ɣænɒːˈdi,,,,,
محل‌های کار,نمایشگاه,NOUN,nemɒːjeʃˈgɒːh,,,,,
محل‌های کار,کارگاه,NOUN,kɒːɾˈgɒːh,,,,,
محل‌های کار,کلینیک,NOUN,kliːˈnik,,,,,
محل‌های کار,پالایشگاه,NOUN,palayeshgah,,,,,
محل‌های کار,داروخانه,NOUN,dɒːɾuxɒːˈne,,,,,
محل‌های کار,نیروگاه,NOUN,niːɾuːˈgɒːh,,,,,
محل‌های کار,درمانگاه,NOUN,deɾmɒːnˈgɒːh,,,,,
محل‌های کار,معدن,NOUN,mædæn,,,,,
محل‌های کار,دانشگاه,NOUN,dɒːneʃˈgɒːh,,,,,
محل‌های کار,سازمان,NOUN,sɒːzmɒːn,,,,,
محل‌های کار,آموزشگاه,NOUN,ɒːmuːzeʃˈgɒːh,,,,,
محل‌های کار,شرکت,NOUN,ʃeɾkæt,,,,,
محل‌های کار,دبستان,NOUN,debæsˈtɒːn,,,,,
محل‌های کار,مؤسسه,NOUN,moʔæsˈse,,,,,
محل‌های کار,دبیرستان,NOUN,dæbiːɾesˈtɒːn,,,,,
محل‌های کار,دامداری,NOUN,dɒːmdɒːˈɾi,,,,,
محل‌های کار,مرغداری,NOUN,moɾɣdɒːˈɾi,,,,,
سازها,گیتار,NOUN,gitɒːɾ,,,,,
سازها,پیانو,NOUN,piːɒːˈno,,,,,
سازها,ویولن,NOUN,viːoːˈlæn,,,,,
سازها,باتری,NOUN,bɒːtæˈɾi,,,,,
سازها,فلوت,NOUN,floːt,,,,,
سازها,ترومپت,NOUN,toɾomˈpet,,,,,
سازها,کلارینت,NOUN,klɒːɾiːˈnet,,,,,
سازها,ساکسوفون,NOUN,sɒːksoːˈfon,,,,,
سازها,طبل,NOUN,tæbl,,,,,
سازها,ویولا,NOUN,viːoːˈlɒː,,,,,
سازها,سنتور,NOUN,sæntuːɾ,,,,,
سازها,تار,NOUN,tɒːɾ,,,,,
سازها,سه‌تار,NOUN,seːtɒːɾ,,,,,
سازها,دف,NOUN,dæf,,,,,
سازها,نی,NOUN,niː,,,,,
خانه,دفتر,NOUN,dæfˈtær,,,,,
خانه,صندلی,NOUN,sændæˈli,,,,,
خانه,میز,NOUN,miːz,,,,,
خانه,تخت,NOUN,tæxt,,,,,
خانه,اتاق,NOUN,otɒːɣ,,,,,
خانه,پنل,NOUN,pæˈnæl,,,,,
خانه,درب,NOUN,dæɾb,,,,,
خانه,پنجره,NOUN,pændʒæˈɾe,,,,,
خانه,ورودی,NOUN,voɾuːˈdi,, ,,,
خانه,خانه,NOUN,xɒːˈne,,,,,
خانه,آپارتمان,NOUN,ɒːpɒːɾtˈmɒːn,,,,,
خانه,ساختمان,NOUN,sɒːxtemɒːn,,,,,
خانه,آسانسور,NOUN,ɒːsɒːnsuːɾ,,,,,
خانه,پذیرایی,NOUN,pæziːɾɒːˈji,,,,,
لوازم خانگی,‌لباسشویی,NOUN,lebɒːsʃuːˈji,,,,,
لوازم خانگی,ظرفشویی,NOUN,zæɾfʃuːˈji,,,,,
لوازم خانگی,یخچال,NOUN,jæxtʃɒːl,,,,,
لوازم خانگی,فریزر,NOUN,fɾiːzæɾ,,,,,
لوازم خانگی,اجاق‌,NOUN,edʒɒːɣ,,,,,
لوازم خانگی,فر,NOUN,fæɾ,,,,,
لوازم خانگی,مایکروویو,NOUN,mɒːjkɾoːviːo,,,,,
لوازم خانگی,جاروبرقی,NOUN,dʒɒːɾuːbæɾɣiː,,,,,
لوازم خانگی,پنکه,NOUN,pænkæ,,,,,
لوازم خانگی,کولر,NOUN,kuːlæɾ,,,,,
لوازم خانگی,بخاری,NOUN,boxɒːˈɾi,,,,,
لوازم خانگی,شوفاژ,NOUN,shufazh,,,,,
لوازم خانگی,تلویزیون,NOUN,televiziˈjoːn,,,,,
لوازم خانگی,اتو,NOUN,out,,,,,
لوازم خانگی,هود,NOUN,hud,,,,,
لوازم خانگی,سشوار,NOUN,seshvar,,,,,
ابزارها,چکش,NOUN,tʃækæʃ,,,,,
ابزارها,انبردست,NOUN,anbordast,,,,,
ابزارها,آچار,NOUN,ɒːtʃɒːɾ,,,,,
ابزارها,اره,NOUN,æɾe,,,,,
ابزارها,قیچی,NOUN,ɣeːtʃiː,,,,,
ابزارها,چاقو,NOUN,tʃɒːɣuː,,,,,
ابزارها,رنده,NOUN,rande,,,,,
ابزارها,سوهان,NOUN,sohan,,,,,
ابزارها,دریل,NOUN,dereyl,,,,,
ابزارها,مته,NOUN,mate,,,,,
ابزارها,پیچ,NOUN,piːtʃ,,,,,
ابزارها,میخ,NOUN,miːx,,,,,
ابزارها,کلنگ,NOUN,kolæng,,,,,
ابزارها,بیل,NOUN,biːl,,,,,
ابزارها,تبر,NOUN,tæbæɾ,,,,,
ابزارها,داس,NOUN,dɒːs,,,,,
ابزارها,متر,NOUN,metɾ,,,,,
ابزارها,خط‌کش,NOUN,xætkesh,,,,,
ابزارها,تراز,NOUN,tæraz,,,,,
جغرافیا,طبیعت,NOUN,tæbiːˈæt,,,,,
جغرافیا,دشت,NOUN,dasht,,,,,
جغرافیا,جنگل,NOUN,dʒængæl,,,,,
جغرافیا,بیابان,NOUN,biːɒːˈbɒːn,,,,,
جغرافیا,ساحل,NOUN,sɒːhel,,,,,
جغرافیا,رودخانه,NOUN,rudxane,,,,,
جغرافیا,دریاچه,NOUN,dæryache,,,,,
جغرافیا,تالاب,NOUN,talab,,,,,
جغرافیا,اقیانوس,NOUN,oghyanus,,,,,
جغرافیا,دریا,NOUN,dæɾjɒː,,,,,
جغرافیا,کوه,NOUN,kuːh,,,,,
جغرافیا,تپه,NOUN,tæppe,,,,,
جغرافیا,کوهستان,NOUN,kuhestan,,,,,
جغرافیا,دره,NOUN,dæɾe,,,,,
جغرافیا,آتشفشان,NOUN,atashfeshan,,,,,
جغرافیا,جزیره,NOUN,dʒæziːˈɾe,,,,,
جغرافیا,قاره,NOUN,ɣɒːˈɾe,,,,,
جغرافیا,غار,NOUN,ɣɒːɾ,,,,,
جغرافیا,آبشار,NOUN,ɒːbʃɒːɾ,,,,,
جغرافیا,فلات,NOUN,fælat,,,,,
جغرافیا,خلیج,NOUN,xæliːdʒ,,,,,
جغرافیا,تنگه,NOUN,tænge,,,,,
جغرافیا,قطب,NOUN,ɣotb,,,,,
جغرافیا,کانال,NOUN,kɒːnɒːl,,,,,
جغرافیا,چمنزار,NOUN,tʃæmænzɒːɾ,,,,,
مردم,بشریت,NOUN,bashariat,,,,,
مردم,انسان,NOUN,ensan,,,,,
مردم,شخص,NOUN,shaxs,,,,,
مردم,مرد,NOUN,mard,,,,,
مردم,زن,NOUN,zan,,,,,
مردم,نوزاد,NOUN,nuːzɒːd,,,,,
مردم,دختر,NOUN,dexeter,,,,,
مردم,پسر,NOUN,peser,,,,,
مردم,نوجوان,NOUN,nuːdʒuːɒːn,,,,,
مردم,بالغ,NOUN,bɒːleɣ,,,,,
مردم,سالمند,NOUN,sɒːlemened,,,,,
مردم,بانو,NOUN,bɒːnuː,,,,,
مردم,آقا,NOUN,ɒːqɒː,,,,,
مردم,خانم,NOUN,xɒːnem,,,,,
مردم,جنتلمن,NOUN,dʒenetelemen,,,,,
مردم,بانو,NOUN,bɒːnuː,,,,,
مردم,فرد,NOUN,fered,,,,,
مردم,کودک,NOUN,kuːdek,,,,,
مردم,جمعیت,NOUN,jæmiːyyæt,,,,,
مردم,شهروند,NOUN,sæhrvænd,,,,,
ژانرهای فیلم,علمی,NOUN,elemiː,,,,,
ژانرهای فیلم,اکشن,NOUN,ækeʃen,,,,,
ژانرهای فیلم,ماجراجویی,NOUN,mɒːdʒerɒːdʒuːjiː,,,,,
ژانرهای فیلم,کمدی,NOUN,kemediː,,,,,
ژانرهای فیلم,درام,NOUN,derɒːm,,,,,
ژانرهای فیلم,ترسناک,NOUN,teresenɒːk,,,,,
ژانرهای فیلم,تخیلی,NOUN,texiːliː,,,,,
ژانرهای فیلم,فانتزی,NOUN,fɒːneteziː,,,,,
ژانرهای فیلم,عاشقانه,NOUN,ɒːʃeqɒːnee,,,,,
ژانرهای فیلم,هیجان‌انگیز,NOUN,hiːdʒɒːn ɒːneɡiːz,,,,,
ژانرهای فیلم,معمایی,NOUN,meemɒːjiː,,,,,
ژانرهای فیلم,جنایی,NOUN,dʒenɒːjiː,,,,,
ژانرهای فیلم,تاریخی,NOUN,tɒːriːxiː,,,,,
ژانرهای فیلم,جنگی,NOUN,dʒeneɡiː,,,,,
ژانرهای فیلم,وسترن,NOUN,uːseteren,,,,,
ژانرهای فیلم,موزیکال,NOUN,muːziːkɒːl,,,,,
ژانرهای فیلم,مستند,NOUN,mesetened,,,,,
ژانرهای فیلم,انیمیشن,NOUN,æniːmiːʃen,,,,,
ژانرهای فیلم,خانوادگی,NOUN,xɒːnuːɒːdeɡiː,,,,,
ژانرهای فیلم,زندگی‌نامه‌ای,NOUN,zenedeɡj nɒːmeh ɒːiː,,,,,
ژانرهای فیلم,ورزشی,NOUN,uːrezeʃiː,,,,,
ژانرهای فیلم,آخرالزمانی,NOUN,ɒːxerɒːlezemɒːniː,,,,,
ژانرهای فیلم,ابرقهرمانی,NOUN,æbereqehremɒːniː,,,,,
ژانرهای فیلم,اجتماعی,NOUN,ædʒetemɒːiː,,,,,
خانواده,خانواده,NOUN,xɒːnuːɒːdee,,,,,
خانواده,دوست,NOUN,duːset,,,,,
خانواده,آشنا,NOUN,ɒːʃenɒː,,,,,
خانواده,همکار,NOUN,hmekɒːr,,,,,
خانواده,زوج,NOUN,zuːdʒ,,,,,
خانواده,زن,NOUN,zen,,,,,
خانواده,همسر,NOUN,hmeser,,,,,
خانواده,شوهر,NOUN,ʃuːhr,,,,,
خانواده,ازدواج,NOUN,æzeduːɒːdʒ,,,,,
خانواده,عشق,NOUN,eʃeq,,,,,
خانواده,پدر,NOUN,peder,,,,,
خانواده,مادر,NOUN,mɒːder,,,,,
خانواده,خواهر,NOUN,xuːɒːhr,,,,,
خانواده,برادر,NOUN,berɒːder,,,,,
خانواده,دختر,NOUN,dexeter,,,,,
خانواده,پسر,NOUN,peser,,,,,
خانواده,مادربزرگ,NOUN,mɒːderebezereɡ,,,,,
خانواده,پدربزرگ,NOUN,pederebezereɡ,,,,,
خانواده,نوه,NOUN,nuːe,,,,,
خانواده,نتیجه,NOUN,netiːdʒee,,,,,
خانواده,دخترخاله,NOUN,dexeterexɒːlee,,,,,
خانواده,دخترعمه,NOUN,dexetereemee,,,,,
خانواده,دخترعمو,NOUN,dexetereemuː,,,,,
خانواده, دختر‌دایی,NOUN,dexeter dɒːjiː,,,,,
خانواده,عمه,NOUN,emee,,,,,
خانواده,عمو,NOUN,emuː,,,,,
خانواده,خاله,NOUN,xɒːlee,,,,,
خانواده,دایی,NOUN,dɒːjiː,,,,,
خانواده,خواهرزاده,NOUN,xuːɒːhrezɒːdee,,,,,
خانواده, برادرزاده,NOUN,berɒːderezɒːdee,,,,,
فضا و کمیت,مکان,NOUN,mekɒːn,,,,,
فضا و کمیت,موقعیت,NOUN,muːqeiːt,,,,,
فضا و کمیت,حرکت,NOUN,hereket,,,,,
فضا و کمیت,سرعت,NOUN,sereet,,,,,
فضا و کمیت,شتاب,NOUN,ʃetɒːb,,,,,
فضا و کمیت,جهت,NOUN,dʒeht,,,,,
فضا و کمیت,اندازه,NOUN,ænedɒːzee,,,,,
فضا و کمیت,طول,NOUN,tuːl,,,,,
فضا و کمیت,طولانی,NOUN,tuːlɒːniː,,,,,
فضا و کمیت,ارتفاع,NOUN,æretefɒː,,,,,
فضا و کمیت,عرض,NOUN,erez,,,,,
فضا و کمیت,بلند,NOUN,belened,,,,,
فضا و کمیت, پهن,NOUN,pehn,,,,,
فضا و کمیت,اکثریت,NOUN,ækeseriːt,,,,,
فضا و کمیت,اقلیت,NOUN,æqeliːt,,,,,
فضا و کمیت,افزایش,NOUN,æfezɒːiːʃ,,,,,
فضا و کمیت,کاهش,NOUN,kɒːhʃ,,,,,
فضا و کمیت,رشد,NOUN,rosd,,,,,
فضا و کمیت, انتها,NOUN,ænetehɒː,,,,,
فضا و کمیت,عمق,NOUN,emeq,,,,,
فضا و کمیت,فضا,NOUN,fezɒː,,,,,
فضا و کمیت,مساحت,NOUN,mesɒːhet,,,,,
فضا و کمیت,حجم,NOUN,hedʒem,,,,,
فضا و کمیت,فاصله,NOUN,fɒːselee,,,,,
فضا و کمیت,عمق,NOUN,emeq,,,,,
فضا و کمیت,سطح,NOUN,seteh,,,,,
فضا و کمیت,تراز,NOUN,tæraz,,,,,
فضا و کمیت,نقطه,NOUN,neqetee,,,,,
فضا و کمیت,خط,NOUN,xet,,,,,
فضا و کمیت,منحنی,NOUN,meneheniː,,,,,
فضا و کمیت,مرکز,NOUN,merekez,,,,,
فضا و کمیت,لبه,NOUN,lebee,,,,,
فضا و کمیت,گوشه,NOUN,ɡuːʃee,,,,,
فضا و کمیت,سمت,NOUN,semet,,,,,
فضا و کمیت,بالا,NOUN,bɒːlɒː,,,,,
فضا و کمیت,پایین,NOUN,pɒːjiːn,,,,,
فضا و کمیت,جلو,NOUN,jelov,,,,,
فضا و کمیت,پشت,NOUN,post,,,,,
فضا و کمیت,نزدیک,NOUN,nezediːk,,,,,
فضا و کمیت,دور,NOUN,dowr,,,,,
فضا و کمیت,داخل,NOUN,dæxel,,,,,
فضا و کمیت,خارج,NOUN,xɒːredʒ,,,,,
فضا و کمیت,اطراف,NOUN,æterɒːf,,,,,
فضا و کمیت,بین,NOUN,bæyyen,,,,,
فضا و کمیت,درون,NOUN,deruːn,,,,,
فضا و کمیت,بیرون,NOUN,biːruːn,,,,,
فضا و کمیت,مقدار,NOUN,meqedɒːr,,,,,
فضا و کمیت,عدد,NOUN,ædæd,,,,,
فضا و کمیت,مجموع,NOUN,medʒemuː,,,,,
فضا و کمیت,بخش,NOUN,bexeʃ,,,,,
فضا و کمیت,نصف,NOUN,nesef,,,,,
فضا و کمیت,حداقل,NOUN,hedɒːqel,,,,,
فضا و کمیت,حداکثر,NOUN,hedɒːkeser,,,,,
فضا و کمیت,میانگین,NOUN,mjɒːneɡiːn,,,,,
فضا و کمیت,مساوی,NOUN,mesɒːviː,,,,,
فضا و کمیت,کامل,NOUN,kɒːmel,,,,,
فضا و کمیت,پر,NOUN,per,,,,,
فضا و کمیت,خالی,NOUN,xɒːliː,,,,,
فضا و کمیت,اضافه,NOUN,æzɒːfee,,,,,
اقتصاد,اقتصاد,NOUN,eqtesæd,,,,,
اقتصاد,مصرف,NOUN,meseref,,,,,
اقتصاد,تقاضا,NOUN,teqɒːzɒː,,,,,
اقتصاد,شرکت,NOUN,ʃeɾkæt,,,,,
اقتصاد,تجارت,NOUN,tedʒɒːret,,,,,
اقتصاد,بازار,NOUN,bæzær,,,,,
اقتصاد,خدمات,NOUN,xedemɒːt,,,,,
اقتصاد,محصول,NOUN,mehesuːl,,,,,
اقتصاد,تولید,NOUN,tuːliːd,,,,,
اقتصاد,تراکنش,NOUN,terɒːkeneʃ,,,,,
اقتصاد,معامله,NOUN,meɒːmelee,,,,,
اقتصاد,پول,NOUN,puːl,,,,,
اقتصاد,اسکناس,NOUN,æsekenɒːs,,,,,
اقتصاد,تعرفه,NOUN,teerefee,,,,,
اقتصاد,قیمت,NOUN,qiːmet,,,,,
اقتصاد,ارزش,NOUN,ærezeʃ,,,,,
اقتصاد,درآمد,NOUN,derɒːmed,,,,,
اقتصاد,هزینه,NOUN,hziːnee,,,,,
اقتصاد,سود,NOUN,suːd,,,,,
اقتصاد,ضرر,NOUN,zerer,,,,,
اقتصاد,حقوق,NOUN,hoquːq,,,,,
اقتصاد,پرداخت,NOUN,peredɒːxet,,,,,
اقتصاد,فاکتور,NOUN,fɒːketuːr,,,,,
اقتصاد,حساب,NOUN,hesɒːb,,,,,
اقتصاد,بدهی,NOUN,bedehiː,,,,,
اقتصاد,اعتبار,NOUN,æetebɒːr,,,,,
اقتصاد,وام,NOUN,uːɒːm,,,,,
اقتصاد,بهره,NOUN,behree,,,,,
اقتصاد,بانک,NOUN,bɒːnek,,,,,
اقتصاد,سرمایه,NOUN,seremɒːiːe,,,,,
اقتصاد,پس‌انداز,NOUN,pes ɒːnedɒːz,,,,,
اقتصاد,بودجه,NOUN,buːdedʒee,,,,,
اقتصاد,مالیات,NOUN,mɒːljɒːt,,,,,
اقتصاد,نرخ,NOUN,nerex,,,,,
اقتصاد,تخفیف,NOUN,texefiːf,,,,,
اقتصاد,عرضه,NOUN,erezee,,,,,
اقتصاد,خرید,NOUN,xeriːd,,,,,
اقتصاد,فروش,NOUN,feruːʃ,,,,,
اقتصاد,مشتری,NOUN,meʃeteriː,,,,,
اقتصاد,قرارداد,NOUN,qerɒːredɒːd,,,,,
اقتصاد,امضا,NOUN,æmezɒː,,,,,
اقتصاد,مالکیت,NOUN,mɒːlekiːt,,,,,
اقتصاد,ثروت,NOUN,seruːt,,,,,
اقتصاد,فقر,NOUN,fæqr,,,,,
اقتصاد,تورم,NOUN,tuːrem,,,,,
اقتصاد,رشد,NOUN,rosd,,,,,
اقتصاد,اقتصادی,NOUN,æqetesɒːdiː,,,,,
اقتصاد,صنعت,NOUN,seneet,,,,,
اقتصاد,شرکت,NOUN,ʃeɾkæt,,,,,
اقتصاد,کسب‌وکار,NOUN,keseb uːkɒːr,,,,,
اقتصاد,رقابت,NOUN,reqɒːbet,,,,,
اقتصاد,انحصار,NOUN,ænehesɒːr,,,,,
اقتصاد,توزیع,NOUN,tuːziː,,,,,
اقتصاد,صادرات,NOUN,sɒːderɒːt,,,,,
اقتصاد,واردات,NOUN,uːɒːredɒːt,,,,,
ورزش,کشتی,NOUN,kestiː,,,,,
ورزش,بیلیارد,NOUN,biːljɒːred,,,,,
ورزش,بوکس,NOUN,buːkes,,,,,
ورزش,کوهنوردی,NOUN,kuːhnuːrediː,,,,,
ورزش,دومیدانی,NOUN,duːmiːdɒːniː,,,,,
ورزش, صخره‌نوردی,NOUN,sexereh nuːrediː,,,,,
ورزش,شمشیربازی,NOUN,ʃemeʃiːrebɒːziː,,,,,
ورزش,اسکی,NOUN,æsekiː,,,,,
ورزش,ژیمناستیک,NOUN,ʒiːmenɒːsetiːk,,,,,
ورزش,گلف,NOUN,ɡelef,,,,,
ورزش,بولینگ,NOUN,buːliːneɡ,,,,,
ورزش,هاکی,NOUN,hɒːkiː,,,,,
ورزش,اسکیت,NOUN,æsekiːt,,,,,
ورزش,پیاده‌روی,NOUN,pjɒːdeh ruːiː,,,,,
ورزش,شنا,NOUN,ʃenɒː,,,,,
ورزش,قایقرانی,NOUN,qɒːiːqerɒːniː,,,,,
ورزش,موج‌سواری,NOUN,muːdʒ suːɒːriː,,,,,
ورزش,واترپلو,NOUN,uːɒːterepeluː,,,,,
ورزش,بسکتبال,NOUN,beseketebɒːl,,,,,
ورزش,بدمینتون,NOUN,bedemiːnetuːn,,,,,
ورزش,هندبال,NOUN,hnedebɒːl,,,,,
ورزش,بیسبال,NOUN,biːsebɒːl,,,,,
ورزش,کریکت,NOUN,keriːket,,,,,
ورزش,فوتبال,NOUN,fuːtebɒːl,,,,,
ورزش,راگبی,NOUN,rɒːɡebiː,,,,,
ورزش,تنیس,NOUN,teniːs,,,,,
ورزش,والیبال,NOUN,uːɒːliːbɒːl,,,,,
ورزش,جودو,NOUN,dʒuːduː,,,,,
ورزش,کاراته,NOUN,kɒːrɒːtee,,,,,
ورزش,تکواندو,NOUN,tekuːɒːneduː,,,,,
ورزش,کونگ‌فو,NOUN,kuːneɡ fuː,,,,,
ورزش,وزنه‌,NOUN,uːzeneh ,,,,,
ورزش,بدنسازی,NOUN,bedenesɒːziː,,,,,
ورزش,کراس‌فیت,NOUN,kerɒːs fiːt,,,,,
ورزش,یوگا,NOUN,jvɡɒː,,,,,
ورزش,پیلاتس,NOUN,piːlɒːtes,,,,,
ورزش,تیراندازی,NOUN,tiːrɒːnedɒːziː,,,,,
ورزش,چوگان,NOUN,tʃuːɡɒːn,,,,,
ورزش,موتورسواری,NOUN,muːtuːresuːɒːriː,,,,,
ورزش,کارتینگ,NOUN,kɒːretiːneɡ,,,,,
ورزش,ماراتن,NOUN,mɒːrɒːten,,,,,
ورزش,دو,NOUN,dæv,,,,,
ورزش,پرش,NOUN,pereʃ,,,,,
ورزش,غواصی,NOUN,ɣuːɒːsiː,,,,,
ورزش,پاروزنی,NOUN,pɒːruːzeniː,,,,,
ورزش,ماهیگیری ,NOUN,mɒːhiːɡiːriː,,,,,
ورزش,اسنوبورد,NOUN,æsenuːbuːred,,,,,
ورزش,اسکیت,NOUN,æsekiːt,,,,,
ورزش,پارکور,NOUN,pɒːrekuːr,,,,,
ورزش,فوتسال,NOUN,fuːtesɒːl,,,,,
بدن انسان,پا,NOUN,pɒː,,,,,
بدن انسان,پاشنه,NOUN,pɒːʃenee,,,,,
بدن انسان,ساق,NOUN,sɒːq,,,,,
بدن انسان,زانو,NOUN,zɒːnuː,,,,,
بدن انسان,ران,NOUN,rɒːn,,,,,
بدن انسان,سر,NOUN,ser,,,,,
بدن انسان,صورت,NOUN,suːret,,,,,
بدن انسان,دهان,NOUN,dehɒːn,,,,,
بدن انسان,لب,NOUN,leb,,,,,
بدن انسان,دندان,NOUN,denedɒːn,,,,,
بدن انسان,چشم,NOUN,tʃeʃem,,,,,
بدن انسان,بینی,NOUN,biːniː,,,,,
بدن انسان,ریش,NOUN,riːʃ,,,,,
بدن انسان,سبیل,NOUN,sebiːl,,,,,
بدن انسان,مو,NOUN,muː,,,,,
بدن انسان,گوش,NOUN,ɡuːʃ,,,,,
بدن انسان,مغز,NOUN,meɣez,,,,,
بدن انسان,معده,NOUN,meedee,,,,,
بدن انسان,بازو,NOUN,bɒːzuː,,,,,
بدن انسان,آرنج,NOUN,ɒːrenedʒ,,,,,
بدن انسان,شانه,NOUN,ʃɒːnee,,,,,
بدن انسان,ناخن,NOUN,nɒːxen,,,,,
بدن انسان,دست,NOUN,deset,,,,,
بدن انسان,مچ,NOUN,metʃ,,,,,
بدن انسان,انگشت,NOUN,æneɡeʃet,,,,,
بدن انسان,باسن,NOUN,bɒːsen,,,,,
بدن انسان,شکم,NOUN,ʃekem,,,,,
بدن انسان,کبد,NOUN,kebed,,,,,
بدن انسان,عضله,NOUN,ezelee,,,,,
بدن انسان,گردن,NOUN,ɡereden,,,,,
بدن انسان,قلب,NOUN,qeleb,,,,,
بدن انسان,سینه,NOUN,siːnee,,,,,
بدن انسان,کمر,NOUN,kemer,,,,,
بدن انسان,لگن,NOUN,leɡen,,,,,
بدن انسان,پشت,NOUN,post,,,,,
بدن انسان,پوست,NOUN,puːset,,,,,
بدن انسان,استخوان,NOUN,æsetexuːɒːn,,,,,
بدن انسان,پیشانی,NOUN,piːʃɒːniː,,,,,
بدن انسان,گونه,NOUN,ɡuːnee,,,,,
بدن انسان,چانه,NOUN,tʃɒːnee,,,,,
بدن انسان,فک,NOUN,fek,,,,,
بدن انسان,زبان,NOUN,zebɒːn,,,,,
بدن انسان,گلو,NOUN,ɡeluː,,,,,
بدن انسان,مژه,NOUN,meʒee,,,,,
بدن انسان,ابرو,NOUN,æberuː,,,,,
بدن انسان,مردمک,NOUN,meredemek,,,,,
بدن انسان,شبکیه,NOUN,ʃebekiːe,,,,,
بدن انسان,ریه,NOUN,riːe,,,,,
بدن انسان,رگ,NOUN,reɡ,,,,,
بدن انسان,سرخرگ,NOUN,serexereɡ,,,,,
بدن انسان,خون,NOUN,xuːn,,,,,
بدن انسان,عصب,NOUN,eseb,,,,,
بدن انسان,اسکلت,NOUN,æsekelet,,,,,
بدن انسان,مهره,NOUN,mehree,,,,,
بدن انسان,مفصل,NOUN,mefesel,,,,,
بدن انسان,تاندون,NOUN,tɒːneduːn,,,,,
بدن انسان,رباط,NOUN,rebɒːt,,,,,
بدن انسان,غضروف,NOUN,ɣezeruːf,,,,,
بدن انسان,شانه,NOUN,ʃɒːnee,,,,,
بدن انسان,زیربغل,NOUN,ziːrebeɣel,,,,,
بدن انسان,آرنج,NOUN,ɒːrenedʒ,,,,,
بدن انسان,ساعد,NOUN,sɒːed,,,,,
بدن انسان,شست,NOUN,ʃeset,,,,,
حروف ربط,اگرچه ,CONJUNCTION,æɡeretʃee,,,,,
حروف ربط,هرچند,CONJUNCTION,hretʃened,,,,,
حروف ربط, سپس,CONJUNCTION,sepes,,,,,
حروف ربط,مانند,CONJUNCTION,mɒːnened,,,,,
حروف ربط,بنابراین,CONJUNCTION,benɒːberɒːiːn,,,,,
حروف ربط, نه,CONJUNCTION,nee,,,,,
حروف ربط, ولی,CONJUNCTION,uːliː,,,,,
حروف ربط,اما,CONJUNCTION,æmɒː,,,,,
حروف ربط, چون,CONJUNCTION,tʃuːn,,,,,
حروف ربط,زیرا,CONJUNCTION,ziːrɒː,,,,,
حروف ربط, پس,CONJUNCTION,pes,,,,,
حروف ربط,که,CONJUNCTION,kee,,,,,
حروف ربط,مگر,CONJUNCTION,meɡer,,,,,
حروف ربط,اگر,CONJUNCTION,æɡer,,,,,
حروف ربط,بلکه,CONJUNCTION,belekee,,,,,
حروف ربط,و,CONJUNCTION,va,,,,,
حروف ربط,با,CONJUNCTION,bæ,,,,,
حروف ربط,یا,CONJUNCTION,jɒː,,,,,
حروف ربط,همچنین,CONJUNCTION,hmetʃeniːn,,,,,
حروف ربط,یعنی,CONJUNCTION,iːeniː,,,,,
حروف ربط,همانند,CONJUNCTION,hmɒːnened,,,,,
رنگ‌ها,رنگ,NOUN,reneɡ,,,,,
رنگ‌ها,سفید,NOUN,sefiːd,,,,,
رنگ‌ها,سیاه,NOUN,sjɒːe,,,,,
رنگ‌ها,خاکستری,NOUN,xɒːkeseteriː,,,,,
رنگ‌ها,قرمز,NOUN,qeremez,,,,,
رنگ‌ها,نارنجی,NOUN,nɒːrenedʒiː,,,,,
رنگ‌ها,زرد,NOUN,zered,,,,,
رنگ‌ها,سبز,NOUN,sebez,,,,,
رنگ‌ها,آبی,NOUN,ɒːbiː,,,,,
رنگ‌ها,بنفش,NOUN,benefeʃ,,,,,
رنگ‌ها,صورتی,NOUN,suːretiː,,,,,
رنگ‌ها,قهوه‌ای,NOUN,qehuːh ɒːiː,,,,,
رنگ‌ها,طلایی,NOUN,telɒːjiː,,,,,
رنگ‌ها,نیلی,NOUN,niːliː,,,,,
رنگ‌ها,سرخابی,NOUN,serexɒːbiː,,,,,
رنگ‌ها,زرشکی,NOUN,zereʃekiː,,,,,
رنگ‌ها,گلبهی,NOUN,ɡelebehiː,,,,,
رنگ‌ها,زیتونی,NOUN,ziːtuːniː,,,,,
رنگ‌ها,سرمه‌ای,NOUN,seremeh ɒːiː,,,,,
رنگ‌ها,کرم,NOUN,kerem,,,,,
رنگ‌ها,خردلی,NOUN,xeredeliː,,,,,
رنگ‌ها,مسی,NOUN,mesiː,,,,,
رنگ‌ها,نقره‌ای,NOUN,neqereh ɒːiː,,,,,
رنگ‌ها,بژ,NOUN,beʒ,,,,,
دسته‌های دستوری,اسم,NOUN,æsem,,,,,
دسته‌های دستوری,صفت,NOUN,sefet,,,,,
دسته‌های دستوری,قید,NOUN,qiːd,,,,,
دسته‌های دستوری,ضمیر,NOUN,zemiːr,,,,,
دسته‌های دستوری,فعل,NOUN,feel,,,,,
دسته‌های دستوری,مصدر,NOUN,meseder,,,,,
دسته‌های دستوری,معلوم,NOUN,meeluːm,,,,,
دسته‌های دستوری,مجهول,NOUN,medʒehuːl,,,,,
دسته‌های دستوری,فاعل,NOUN,fɒːel,,,,,
دسته‌های دستوری,مفعول,NOUN,mefeuːl,,,,,
دسته‌های دستوری,متمم,NOUN,metemem,,,,,
دسته‌های دستوری,جمله,NOUN,dʒemelee,,,,,
دسته‌های دستوری,پیشوند,NOUN,piːʃuːned,,,,,
دسته‌های دستوری,پسوند,NOUN,pesuːned,,,,,
دسته‌های دستوری,ریشه,NOUN,riːʃee,,,,,
دسته‌های دستوری,عبارت,NOUN,ebɒːret,,,,,
بلایای طبیعی,زلزله,NOUN,zelezelee,,,,,
بلایای طبیعی,سیل,NOUN,siːl,,,,,
بلایای طبیعی,طوفان,NOUN,tuːfɒːn,,,,,
بلایای طبیعی,گردباد,NOUN,ɡeredebɒːd,,,,,
بلایای طبیعی,سونامی,NOUN,suːnɒːmiː,,,,,
بلایای طبیعی,آتش‌سوزی,NOUN,ɒːteʃ suːziː,,,,,
بلایای طبیعی,خشکسالی,NOUN,xeʃekesɒːliː,,,,,
بلایای طبیعی,بهمن,NOUN,bæhmæn,,,,,
بلایای طبیعی,آتشفشان,NOUN,atashfeshan,,,,,
بلایای طبیعی,صاعقه,NOUN,sɒːeqee,,,,,
حیوانات,حیوان,NOUN,hjvɒːn,,,,,
حیوانات,سگ,NOUN,seɡ,,,,,
حیوانات,گربه,NOUN,ɡerebee,,,,,
حیوانات,گاو,NOUN,ɡɒːv,,,,,
حیوانات,خوک,NOUN,xuːk,,,,,
حیوانات,مادیان,NOUN,mɒːdjɒːn,,,,,
حیوانات,اسب,NOUN,æseb,,,,,
حیوانات,گوسفند,NOUN,ɡuːsefened,,,,,
حیوانات,میمون,NOUN,miːmuːn,,,,,
حیوانات,موش,NOUN,muːʃ,,,,,
حیوانات,ببر,NOUN,beber,,,,,
حیوانات,خرگوش,NOUN,xereɡuːʃ,,,,,
حیوانات,گوزن,NOUN,ɡuːzen,,,,,
حیوانات,قورباغه,NOUN,quːrebɒːɣee,,,,,
حیوانات,شیر,NOUN,ʃiːr,,,,,
حیوانات,زرافه,NOUN,zerɒːfee,,,,,
حیوانات,فیل,NOUN,fiːl,,,,,
حیوانات,پرنده,NOUN,perenedee,,,,,
حیوانات,مرغ,NOUN,mereɣ,,,,,
حیوانات,گنجشک,NOUN,ɡenedʒeʃek,,,,,
حیوانات,کلاغ,NOUN,kelɒːɣ,,,,,
حیوانات,عقاب,NOUN,eqɒːb,,,,,
حیوانات,شاهین,NOUN,ʃɒːhiːn,,,,,
حیوانات,ماهی,NOUN,mɒːhiː,,,,,
حیوانات,میگو,NOUN,miːɡuː,,,,,
حیوانات,خرچنگ,NOUN,xeretʃeneɡ,,,,,
حیوانات,ساردین,NOUN,sɒːrediːn,,,,,
حیوانات,تن,NOUN,ton,,,,,
حیوانات,اختاپوس,NOUN,æxetɒːpuːs,,,,,
حیوانات,حشره,NOUN,heʃeree,,,,,
حیوانات,پروانه,NOUN,peruːɒːnee,,,,,
حیوانات,ملخ,NOUN,melex,,,,,
حیوانات,عنکبوت,NOUN,enekebuːt,,,,,
حیوانات,مگس,NOUN,meɡes,,,,,
حیوانات,پشه,NOUN,peʃee,,,,,
حیوانات,سوسک,NOUN,suːsek,,,,,
حیوانات,حلزون,NOUN,helezuːn,,,,,
حیوانات,کرم,NOUN,kerem,,,,,
حیوانات,مارمولک,NOUN,mɒːremuːlek,,,,,
حیوانات,مار,NOUN,mɒːr,,,,,
حیوانات,تمساح,NOUN,temesɒːh,,,,,
قیدهای زمانی, پیش,ADVERB,piːʃ,,,,,
قیدهای زمانی,قبل,ADVERB,qebel,,,,,
قیدهای زمانی,قبلاً,ADVERB,qebelɒːً,,,,,
قیدهای زمانی,حال,ADVERB,hɒːl,,,,,
قیدهای زمانی,اکنون,ADVERB,ækenuːn,,,,,
قیدهای زمانی,بلافاصله,ADVERB,belɒːfɒːselee,,,,,
قیدهای زمانی,فوراً,ADVERB,fuːrɒːً,,,,,
قیدهای زمانی,قبلاً,ADVERB,qebelɒːً,,,,,
قیدهای زمانی,هنوز,ADVERB,hnuːz,,,,,
قیدهای زمانی,تازه,ADVERB,tɒːzee,,,,,
قیدهای زمانی, هنگام,ADVERB,hneɡɒːm,,,,,
قیدهای زمانی, بعداً,ADVERB,beedɒːً,,,,,
قیدهای زمانی,بعد,ADVERB,beed,,,,,
قیدهای زمانی,سپس,ADVERB,sepes,,,,,
قیدهای زمانی,دیر,ADVERB,diːr,,,,,
قیدهای زمانی,زود,ADVERB,zuːd,,,,,
قیدهای زمانی,دیروز,ADVERB,diːruːz,,,,,
قیدهای زمانی,دیشب,ADVERB,diːʃeb,,,,,
قیدهای زمانی,امروز,ADVERB,æmeruːz,,,,,
قیدهای زمانی,فردا,ADVERB,feredɒː,,,,,
قیدهای زمانی,حالا,ADVERB,hɒːlɒː,,,,,
قیدهای زمانی, همین ,ADVERB,hmiːn,,,,,
قیدهای مکان,بالا,ADVERB,bɒːlɒː,,,,,
قیدهای مکان,روی,ADVERB,ræviːyy,,,,,
قیدهای مکان,زیر,ADVERB,ziːr,,,,,
قیدهای مکان,جلو,ADVERB,jelov,,,,,
قیدهای مکان,پشت,ADVERB,post,,,,,
قیدهای مکان,وسط,ADVERB,uːset,,,,,
قیدهای مکان,اطراف,ADVERB,æterɒːf,,,,,
قیدهای مکان,روبه‌رو,ADVERB,ruːbeh ruː,,,,,
قیدهای مکان,نزدیک,ADVERB,nezediːk,,,,,
قیدهای مکان,دور,ADVERB,dowr,,,,,
قیدهای مکان,داخل,ADVERB,dæxel,,,,,
قیدهای مکان,خارج,ADVERB,xɒːredʒ,,,,,
قیدهای مکان,اینجا,ADVERB,æiːnedʒɒː,,,,,
قیدهای مکان,آنجا,ADVERB,ɒːnedʒɒː,,,,,
قیدهای مکان,آنجا,ADVERB,ɒːnedʒɒː,,,,,
قیدهای مکان,بیرون,ADVERB,biːruːn,,,,,
قیدهای مکان,  میان,ADVERB,mjɒːn,,,,,
قیدهای مکان, مقابل,ADVERB,meqɒːbel,,,,,
قیدهای مکان,پایین,ADVERB,pɒːjiːn,,,,,
قیدهای احتمال,قطعاً,ADVERB,qeteɒːً,,,,,
قیدهای احتمال,همیشه,ADVERB,hmiːʃee,,,,,
قیدهای احتمال,هرگز,ADVERB,hreɡez,,,,,
قیدهای احتمال,همچنین,ADVERB,hmetʃeniːn,,,,,
قیدهای احتمال,شاید,ADVERB,ʃɒːiːd,,,,,
قیدهای احتمال,به‌راحتی,ADVERB,beh rɒːhetiː,,,,,
قیدهای احتمال,به‌سختی,ADVERB,beh sexetiː,,,,,
قیدهای احتمال,احتمالاً,ADVERB,æhetemɒːlɒːً,,,,,
قیدهای احتمال, ممکن,ADVERB,memeken,,,,,
قیدهای احتمال,حتماً,ADVERB,hetemɒːً,,,,,
قیدهای احتمال,تقریباً,ADVERB,teqeriːbɒːً,,,,,
قیدهای احتمال,اغلب,ADVERB,æɣeleb,,,,,
قیدهای احتمال,گاهی,ADVERB,ɡɒːhiː,,,,,
قیدهای احتمال,معمولاً,ADVERB,meemuːlɒːً,,,,,
قیدهای احتمال,فرضاً,ADVERB,ferezɒːً,,,,,
قیدهای احتمال,تصادفاً,ADVERB,tesɒːdefɒːً,,,,,
قیدهای احتمال,عموماً,ADVERB,emuːmɒːً,,,,,
قیدهای مقدار,نسبتاً,ADVERB,nesebetɒːً,,,,,
قیدهای مقدار,بیشتر,ADVERB,biːʃeter,,,,,
قیدهای مقدار,کمتر,ADVERB,kemeter,,,,,
قیدهای مقدار,خیلی,ADVERB,xiːliː,,,,,
قیدهای مقدار,زیاد,ADVERB,zjɒːd,,,,,
قیدهای مقدار,کم,ADVERB,kem,,,,,
قیدهای مقدار,کمی,ADVERB,kemiː,,,,,
قیدهای مقدار,تقریباً,ADVERB,teqeriːbɒːً,,,,,
قیدهای مقدار,کافی,ADVERB,kɒːfiː,,,,,
قیدهای مقدار,دقیقاً,ADVERB,deqiːqɒːً,,,,,
قیدهای مقدار,فقط,ADVERB,feqet,,,,,
قیدهای مقدار, اندازه,ADVERB,ænedɒːzee,,,,,
قیدهای مقدار,کامل,ADVERB,kɒːmel,,,,,
قیدهای مقدار,هیچ,ADVERB,hiːtʃ,,,,,
قیدهای مقدار,ناکافی,ADVERB,nɒːkɒːfiː,,,,,
قیدهای مقدار,کاملاً,ADVERB,kɒːmelɒːً,,,,,
قیدهای کیفیت / حالت,واضحاً,ADVERB,uːɒːzehɒːً,,,,,
قیدهای کیفیت / حالت,خوب,ADVERB,xuːb,,,,,
قیدهای کیفیت / حالت,بد,ADVERB,bed,,,,,
قیدهای کیفیت / حالت,بهتر,ADVERB,behter,,,,,
قیدهای کیفیت / حالت,بدتر,ADVERB,bedeter,,,,,
قیدهای کیفیت / حالت,معمولی,ADVERB,meemuːliː,,,,,
قیدهای کیفیت / حالت,آهسته,ADVERB,ɒːhsetee,,,,,
قیدهای کیفیت / حالت,سریع,ADVERB,seriː,,,,,
قیدهای کیفیت / حالت,عمداً,ADVERB,emedɒːً,,,,,
قیدهای کیفیت / حالت,واضح,ADVERB,uːɒːzeh,,,,,
قیدهای کیفیت / حالت,دقیق,ADVERB,deqiːq,,,,,
قیدهای کیفیت / حالت,آشکار,ADVERB,ɒːʃekɒːr,,,,,
قیدهای کیفیت / حالت,همچنین,ADVERB,hmetʃeniːn,,,,,
قیدهای کیفیت / حالت,منحصراً,ADVERB,meneheserɒːً,,,,,
قیدهای کیفیت / حالت,مخصوصاً,ADVERB,mexesuːsɒːً,,,,,
قیدهای کیفیت / حالت,حتی,ADVERB,hetiː,,,,,
قیدهای کیفیت / حالت,فقط,ADVERB,feqet,,,,,
قیدهای کیفیت / حالت,دقیقاً,ADVERB,deqiːqɒːً,,,,,
قیدهای کیفیت / حالت,آرام,ADVERB,ɒːrɒːm,,,,,
قیدهای کیفیت / حالت,جدی,ADVERB,dʒediː,,,,,
قیدهای کیفیت / حالت,خوشحالانه,ADVERB,xuːʃehɒːlɒːnee,,,,,
قیدهای کیفیت / حالت,غمگینانه,ADVERB,ɣemeɡiːnɒːnee,,,,,
قیدهای کیفیت / حالت,مهربانانه,ADVERB,mehrebɒːnɒːnee,,,,,
قیدهای کیفیت / حالت,مؤدبانه,ADVERB,muːdebɒːnee,,,,,
قیدهای کیفیت / حالت,صادقانه,ADVERB,sɒːdeqɒːnee,,,,,
صفت‌های حسی,مجاور,ADJECTIVE,medʒɒːvr,,,,,
صفت‌های حسی,گرم,ADJECTIVE,ɡærm,,,,,
صفت‌های حسی,سرد,ADJECTIVE,sered,,,,,
صفت‌های حسی,سبک,ADJECTIVE,sebek,,,,,
صفت‌های حسی,سنگین,ADJECTIVE,seneɡiːn,,,,,
صفت‌های حسی,نرم,ADJECTIVE,nerem,,,,, 
صفت‌های حسی,سفت,ADJECTIVE,sefet,,,,,
صفت‌های حسی,سخت,ADJECTIVE,sexet,,,,,
صفت‌های حسی,نرم,ADJECTIVE,nerem,,,,,
صفت‌های حسی,خنک,ADJECTIVE,xenek,,,,,
صفت‌های حسی,خوشمزه,ADJECTIVE,xuːʃemezee,,,,,
صفت‌های حسی,وحشتناک,ADJECTIVE,uːheʃetenɒːk,,,,,
صفت‌های حسی,شیرین,ADJECTIVE,ʃiːriːn,,,,,
صفت‌های حسی,تند,ADJECTIVE,tened,,,,,
صفت‌های حسی,شور,ADJECTIVE,ʃuːr,,,,,
صفت‌های حسی,تلخ,ADJECTIVE,telex,,,,,
صفت‌های حسی,قبلی,ADJECTIVE,qebeliː,,,,,
صفت‌های حسی,بعدی,ADJECTIVE,beediː,,,,,
صفت‌های حسی,بعدی,ADJECTIVE,beediː,,,,,
صفت‌های حسی,نزدیک,ADJECTIVE,nezediːk,,,,,
صفت‌های حسی,دور,ADJECTIVE,dowr,,,,,
صفت‌های حسی,کنار,ADJECTIVE,kenær,,,,,
صفت‌های حسی,متصل,ADJECTIVE,metesel,,,,,
صفت‌های حسی,جدا,ADJECTIVE,dʒedɒː,,,,,
صفت‌های حسی,دور,ADJECTIVE,dowr,,,,,
صفت‌های حسی,محکم,ADJECTIVE,mehekem,,,,,
صفت‌های ملکی,من,ADJECTIVE,men,,,,,
صفت‌های ملکی,تو,ADJECTIVE,tuː,,,,,
صفت‌های ملکی,او,ADJECTIVE,æv,,,,,
صفت‌های ملکی, ما,ADJECTIVE,mɒː,,,,,
صفت‌های ملکی,شما,ADJECTIVE,ʃemɒː,,,,,
صفت‌های ملکی,آنها,ADJECTIVE,ɒːnehɒː,,,,,
صفت‌های ترتیبی,اول,ADJECTIVE,ævl,,,,,
صفت‌های ترتیبی,دوم,ADJECTIVE,duːm,,,,,
صفت‌های ترتیبی,سوم,ADJECTIVE,suːm,,,,,
صفت‌های ترتیبی,چهارم,ADJECTIVE,tʃehɒːrem,,,,,
صفت‌های ترتیبی,پنجم,ADJECTIVE,penedʒem,,,,,
صفت‌های ترتیبی,ششم,ADJECTIVE,ʃeʃem,,,,,
صفت‌های ترتیبی,هفتم,ADJECTIVE,hfetem,,,,,
صفت‌های ترتیبی,هشتم,ADJECTIVE,hʃetem,,,,,
صفت‌های ترتیبی,نهم,ADJECTIVE,nehm,,,,,
صفت‌های ترتیبی,دهم,ADJECTIVE,dehm,,,,,
صفت‌های ترتیبی,بیستم,ADJECTIVE,biːsetem,,,,,
صفت‌های ترتیبی,صدم,ADJECTIVE,sedem,,,,,
صفت‌های ترتیبی, آخرین,ADJECTIVE,ɒːxeriːn,,,,,
صفت‌های احساسات و حس‌ها,بی‌حوصله,ADJECTIVE,bj huːselee,,,,,
صفت‌های احساسات و حس‌ها,خوشحال,ADJECTIVE,xuːʃehɒːl,,,,,
صفت‌های احساسات و حس‌ها,غمگین,ADJECTIVE,ɣemeɡiːn,,,,,
صفت‌های احساسات و حس‌ها,تنها,ADJECTIVE,tenehɒː,,,,,
صفت‌های احساسات و حس‌ها,راضی,ADJECTIVE,rɒːziː,,,,,
صفت‌های احساسات و حس‌ها,آرام,ADJECTIVE,ɒːrɒːm,,,,,
صفت‌های احساسات و حس‌ها,عصبانی,ADJECTIVE,esebɒːniː,,,,,
صفت‌های احساسات و حس‌ها,آرام,ADJECTIVE,ɒːrɒːm,,,,,
صفت‌های احساسات و حس‌ها,آشفته,ADJECTIVE,ɒːʃefetee,,,,,
صفت‌های احساسات و حس‌ها,مضطرب,ADJECTIVE,mezetereb,,,,,
صفت‌های احساسات و حس‌ها,علاقه‌مند,ADJECTIVE,elɒːqeh mened,,,,,
صفت‌های احساسات و حس‌ها,خسته,ADJECTIVE,xesetee,,,,,
صفت‌های احساسات و حس‌ها, خوشنود,ADJECTIVE,xuːʃenuːd,,,,,
صفت‌های احساسات و حس‌ها,متعجب,ADJECTIVE,meteedʒeb,,,,,
صفت‌های احساسات و حس‌ها,ترسیده,ADJECTIVE,teresiːdee,,,,,
صفت‌های احساسات و حس‌ها,دردناک,ADJECTIVE,deredenɒːk,,,,,
صفت‌های احساسات و حس‌ها,بدبو,ADJECTIVE,bedebuː,,,,,
صفت‌های شکل و اندازه,نازک,ADJECTIVE,nɒːzek,,,,,
صفت‌های شکل و اندازه,بزرگ,ADJECTIVE,bezereɡ,,,,,
صفت‌های شکل و اندازه,کوچک,ADJECTIVE,kuːtʃek,,,,,
صفت‌های شکل و اندازه,وسیع,ADJECTIVE,uːsiː,,,,,
صفت‌های شکل و اندازه,باریک,ADJECTIVE,bɒːriːk,,,,,
صفت‌های شکل و اندازه,فشرده,ADJECTIVE,feʃeredee,,,,,
صفت‌های شکل و اندازه,لاغر,ADJECTIVE,lɒːɣer,,,,,
صفت‌های شکل و اندازه,ضخیم,ADJECTIVE,zexiːm,,,,,
صفت‌های کیفیت,خوب,ADJECTIVE,xuːb,,,,,
صفت‌های کیفیت,بد,ADJECTIVE,bed,,,,,
صفت‌های کیفیت,برتر,ADJECTIVE,bereter,,,,,
صفت‌های کیفیت,مرکزی,ADJECTIVE,merekeziː,,,,,
صفت‌های کیفیت,جانبی,ADJECTIVE,dʒɒːnebiː,, ,,,
صفت‌های کیفیت,جلویی,ADJECTIVE,dʒeluːjiː,,,,,
صفت‌های کیفیت, معین,ADJECTIVE,meiːn,,,,,
صفت‌های کیفیت,جعلی,ADJECTIVE,dʒeeliː,,,,,
صفت‌های کیفیت,واقعی,ADJECTIVE,uːɒːqeiː,,,,,
صفت‌های کیفیت,نادرست,ADJECTIVE,nɒːdereset,,,,,
صفت‌های کیفیت,بزرگ‌تر,ADJECTIVE,bezereɡ ter,,,,,
صفت‌های کیفیت,کوچک‌تر,ADJECTIVE,kuːtʃek ter,,,,,
صفت‌های کیفیت,مهم,ADJECTIVE,mehm,,,,,
صفت‌های کیفیت,ضروری,ADJECTIVE,zeruːriː,,,,,
صفت‌های کیفیت,مطلق,ADJECTIVE,meteleq,,,,,
صفت‌های کیفیت,نسبی,ADJECTIVE,nesebiː,,,,,
صفت‌های کیفیت,گران,ADJECTIVE,ɡerɒːn,,,,,
صفت‌های کیفیت,ارزان,ADJECTIVE,ærezɒːn,,,,,
صفت‌های کیفیت,پیر,ADJECTIVE,piːr,,,,,
صفت‌های کیفیت,قدیمی,ADJECTIVE,qediːmiː,,,,,
صفت‌های کیفیت,جوان,ADJECTIVE,dʒuːɒːn,,,,,
صفت‌های کیفیت,جدید,ADJECTIVE,dʒediːd,,,,,
صفت‌های کیفیت,هر,ADJECTIVE,hr,,,,,
صفت‌های کیفیت,کنونی,ADJECTIVE,kenuːniː,,,,,
صفت‌های کیفیت,مشخص,ADJECTIVE,meʃexes,,,,,
صفت‌های کیفیت,فعلی ,ADJECTIVE,feeliː,,,,,
صفت‌های کیفیت, جدید,ADJECTIVE,dʒediːd,,,,,
صفت‌های کیفیت,اخیر,ADJECTIVE,æxiːr,,,,,
صفت‌های کیفیت,توانمند,ADJECTIVE,tuːɒːnemened,,,,,
صفت‌های کیفیت,قادر,ADJECTIVE,qɒːder,,,,,
صفت‌های کیفیت,آسان,ADJECTIVE,ɒːsɒːn,,,,,
صفت‌های کیفیت,دشوار,ADJECTIVE,deʃuːɒːr,,,,,
صفت‌های کیفیت,ممکن,ADJECTIVE,memeken,,,,,
صفت‌های کیفیت,غیرممکن,ADJECTIVE,ɣiːrememeken,,,,,
صفت‌های کیفیت,محتمل,ADJECTIVE,mehetemel,,,,,
صفت‌های کیفیت,سخت‌گیر,ADJECTIVE,sexet ɡiːr,,,,,
صفت‌های کیفیت,جدی,ADJECTIVE,dʒediː,,,,,
صفت‌های کیفیت,عمومی,ADJECTIVE,emuːmiː,,,,,
صفت‌های کیفیت,خاص,ADJECTIVE,xɒːs,,,,,
صفت‌های کیفیت,رایج ,ADJECTIVE,rɒːiːdʒ,,,,,
صفت‌های کیفیت,ویژه,ADJECTIVE,uːiːʒee,,,,,
صفت‌های کیفیت,معمول,ADJECTIVE,meemuːl,,,,,
صفت‌های کیفیت,تنها,ADJECTIVE,tenehɒː,,,,,
صفت‌های کیفیت,نادر,ADJECTIVE,nɒːder,,,,,
صفت‌های کیفیت,قوی,ADJECTIVE,quːiː,,,,,
صفت‌های کیفیت,ضعیف,ADJECTIVE,zeiːf,,,,,
صفت‌های کیفیت,درست,ADJECTIVE,dereset,,,,,
صفت‌های کیفیت,نادرست,ADJECTIVE,nɒːdereset,,,,,
صفت‌های کیفیت,مخالف,ADJECTIVE,mexɒːlef,,,,,
صفت‌های کیفیت,برابر,ADJECTIVE,berɒːber,,,,,
صفت‌های کیفیت,متفاوت,ADJECTIVE,metefɒːvt,,,,,
صفت‌های کیفیت,مشابه,ADJECTIVE,meʃɒːbee,,,,,
صفت‌های کیفیت,دیگر,ADJECTIVE,diːɡer,,,,,
صفت‌های کیفیت,متنوع,ADJECTIVE,metenuː,,,,,
صفت‌های کیفیت,دستی,ADJECTIVE,desetiː,,,,,
صفت‌های کیفیت,خودکار,ADJECTIVE,xuːdekɒːr,,,,,
صفت‌های کیفیت,جهانی,ADJECTIVE,dʒehɒːniː,,,,,
صفت‌های کیفیت,جهانی,ADJECTIVE,dʒehɒːniː,,,,,
صفت‌های کیفیت,قاره‌ای,ADJECTIVE,qɒːreh ɒːiː,,,,,
صفت‌های کیفیت,بین‌المللی,ADJECTIVE,biːn ɒːlemeleliː,,,,,
صفت‌های کیفیت,ملی,ADJECTIVE,meliː,,,,,
صفت‌های کیفیت,محلی,ADJECTIVE,meheliː,,,,,
صفت‌های کیفیت,شهری,ADJECTIVE,ʃehriː,,,,,
صفت‌های کیفیت,روستایی,ADJECTIVE,ruːsetɒːjiː,,,,,
صفت‌های کیفیت,اجتماعی,ADJECTIVE,ædʒetemɒːiː,,,,,
صفت‌های کیفیت,فرهنگی,ADJECTIVE,ferehneɡiː,,,,,
صفت‌های کیفیت,هنری,ADJECTIVE,hneriː,,,,,
صفت‌های کیفیت,شخصی,ADJECTIVE,ʃexesiː,,,,,
صفت‌های کیفیت,عمومی,ADJECTIVE,emuːmiː,,,,,
صفت‌های کیفیت,خصوصی,ADJECTIVE,xesuːsiː,,,,,
صفت‌های کیفیت,صحیح,ADJECTIVE,sehiːh,,,,,
صفت‌های کیفیت,مشترک,ADJECTIVE,meʃeterek,,,,,
