task,EuroLLM-1.7B-Instruct,EuroLLM-1.7B-Instruct,EuroLLM-1.7B-Instruct,Llama-3.1-8B-Instruct,Llama-3.1-8B-Instruct,Llama-3.1-8B-Instruct,Llama-3.2-3B-Instruct,Llama-3.2-3B-Instruct,Llama-3.2-3B-Instruct,Qwen2.5-1.5B-Instruct,Qwen2.5-1.5B-Instruct,Qwen2.5-1.5B-Instruct,Qwen2.5-3B-Instruct,Qwen2.5-3B-Instruct,Qwen2.5-3B-Instruct,SmolLM2-1.7B-Instruct,SmolLM2-1.7B-Instruct,SmolLM2-1.7B-Instruct,SmolLM2-360M-Instruct,SmolLM2-360M-Instruct,SmolLM2-360M-Instruct,ZharfaOpen-0309,ZharfaOpen-0309,ZharfaOpen-0309,gemma-3-1b,gemma-3-1b,gemma-3-1b,gemma-3-4b,gemma-3-4b,gemma-3-4b,salamandra-2b-instruct,salamandra-2b-instruct,salamandra-2b-instruct
,t0,t1,t2,t0,t1,t2,t0,t1,t2,t0,t1,t2,t0,t1,t2,t0,t1,t2,t0,t1,t2,t0,t1,t2,t0,t1,t2,t0,t1,t2,t0,t1,t2
sentence_containing,13.0,52.2,22.9,88.9,89.0,85.1,89.0,89.9,87.1,85.4,87.6,88.1,80.7,84.9,80.6,72.1,58.0,58.5,100.0,100.0,100.0,76.8,78.0,77.1,80.1,85.3,73.0,91.1,91.3,89.3,1.5,3.6,1.0
sentence_not_containing,88.6,93.7,72.9,90.6,93.0,91.0,85.1,92.6,79.9,40.0,56.5,36.7,34.7,73.7,67.2,28.6,77.9,57.8,87.9,87.7,8.7,80.6,90.0,84.9,80.9,92.6,83.7,98.3,98.7,99.5,26.7,24.9,27.0
word_containing,0.0,0.0,0.0,12.1,30.3,6.1,93.9,93.9,90.9,87.9,84.8,75.8,87.9,90.9,93.9,6.1,0.0,0.0,0.0,0.0,0.0,60.6,60.6,48.5,81.8,87.9,75.8,97.0,97.0,97.0,0.0,0.0,0.0
word_not_containing,0.0,0.0,0.0,0.0,0.0,0.0,63.6,36.4,24.2,51.5,90.9,81.8,60.6,90.9,84.8,0.0,0.0,0.0,0.0,0.0,0.0,12.1,3.0,0.0,45.5,97.0,72.7,100.0,97.0,100.0,0.0,0.0,0.0
most_associated_word,0.0,0.0,0.0,60.1,1.7,20.4,51.6,24.0,45.6,19.9,0.0,32.9,44.9,43.5,59.1,1.4,2.2,0.1,0.0,0.0,0.0,1.4,0.3,28.9,34.6,32.4,32.0,53.0,36.2,68.5,0.0,0.0,0.0
least_associated_word,0.0,0.0,0.0,0.0,0.0,17.1,34.3,29.7,46.0,0.6,0.3,33.4,33.3,25.1,69.8,1.1,2.4,0.1,0.0,0.0,0.0,0.1,0.1,6.0,20.0,19.9,26.3,60.7,56.7,80.0,0.0,0.0,0.0
any_words_from_category,0.0,0.0,0.0,35.5,35.9,16.0,48.2,49.3,47.9,48.3,47.9,47.9,47.9,47.9,46.5,52.1,52.1,52.0,0.8,5.0,3.4,53.0,53.8,52.7,49.0,49.8,48.3,49.9,56.7,36.3,0.7,0.5,0.0
all_words_from_category,0.5,0.5,0.0,43.4,47.2,38.2,54.8,51.4,50.6,58.2,56.9,50.7,52.6,52.0,51.2,49.2,49.2,49.3,2.8,7.6,0.1,51.8,54.3,58.6,55.0,53.0,52.2,66.0,58.7,64.2,2.7,2.5,0.0
first_alphabetically,0.1,0.1,0.1,0.1,11.9,0.0,21.5,30.7,35.5,3.7,46.3,16.7,48.0,47.7,50.5,0.1,29.1,4.2,0.0,0.1,0.0,44.6,34.9,16.7,42.2,47.0,42.4,51.3,51.1,0.5,0.0,11.0,0.0
more_letters,0.5,0.1,0.0,0.0,0.0,0.0,50.2,45.8,5.1,4.8,4.3,5.1,49.6,39.2,35.5,0.0,0.0,2.3,0.4,1.5,0.1,2.0,0.0,0.8,47.2,61.3,10.0,82.3,83.7,30.8,3.5,8.4,0.1
less_letters,0.3,0.2,0.0,1.9,0.1,0.0,46.9,58.0,25.0,6.2,21.3,16.1,54.3,2.7,60.6,0.1,0.0,2.6,1.0,0.8,0.0,0.6,4.2,0.3,39.1,46.8,44.4,77.5,70.5,51.4,3.4,3.4,0.0
bigger_number,0.0,0.0,0.0,0.0,0.0,0.0,0.5,0.0,69.0,0.0,0.0,0.0,0.0,0.0,8.4,53.5,15.1,0.3,0.0,0.0,0.0,23.8,0.0,74.4,81.5,85.3,78.1,99.2,88.9,98.0,20.9,0.0,0.0
smaller_number,0.0,0.0,0.0,0.0,0.0,1.0,10.4,0.0,80.5,0.1,0.0,0.0,0.2,0.2,94.3,46.5,40.2,0.0,0.1,0.0,0.0,16.2,0.0,56.2,53.6,53.7,59.5,78.8,93.5,96.5,45.0,0.0,0.3
rhyming_word,0.2,0.1,0.0,0.0,0.0,0.0,38.1,47.1,35.7,0.6,1.6,12.3,44.5,25.4,47.7,0.0,0.2,0.2,0.4,1.9,0.0,0.8,15.9,19.1,47.9,41.0,43.9,60.8,59.0,47.6,7.8,5.5,0.0
homophones,0.8,0.0,0.8,2.0,0.0,3.0,6.2,21.8,7.5,0.0,10.9,0.0,9.5,51.4,12.7,0.0,0.0,0.0,0.0,0.0,0.0,0.0,3.8,0.0,45.8,32.9,32.7,12.1,34.7,17.3,0.8,0.0,0.4
word_after,0.0,0.0,0.0,2.4,5.5,12.6,18.1,27.0,34.3,0.0,0.0,0.0,11.7,20.6,33.1,0.0,0.0,0.0,0.0,0.0,0.0,0.0,0.4,6.4,13.7,16.7,15.3,50.2,50.5,51.3,0.0,0.0,0.0
word_before,0.0,0.0,0.0,3.0,3.2,3.1,11.7,17.1,13.6,0.0,0.0,0.0,12.7,16.5,9.3,0.0,0.0,0.0,0.0,0.0,0.0,0.0,0.3,0.2,5.6,7.8,6.3,22.9,27.9,29.2,0.0,0.0,0.0
starts_with_word,7.9,1.6,11.1,77.8,88.9,74.6,87.3,85.7,87.3,93.7,87.3,92.1,92.1,68.3,95.2,69.8,42.9,30.2,0.0,0.0,0.0,77.8,73.0,93.7,79.4,82.5,69.8,95.2,95.2,95.2,0.0,0.0,0.0
ends_with_word,1.4,2.8,1.1,6.9,28.7,5.8,1.9,2.9,3.7,7.0,1.7,5.3,21.0,15.7,19.4,5.5,1.3,5.5,10.9,0.2,20.4,1.2,1.7,0.8,2.1,14.1,3.5,18.3,17.8,31.4,0.4,0.4,0.2
starts_with_letter,0.0,3.0,3.0,36.4,48.5,33.3,97.0,93.9,97.0,87.9,66.7,84.8,81.8,97.0,87.9,0.0,6.1,3.0,0.0,3.0,0.0,57.6,57.6,60.6,81.8,87.9,78.8,93.9,93.9,93.9,6.1,0.0,3.0
ends_with_letter,0.0,0.0,0.0,0.0,0.0,0.0,12.1,18.2,6.1,0.0,0.0,6.1,12.1,24.2,21.2,3.0,0.0,3.0,0.0,0.0,0.0,3.0,0.0,0.0,6.1,57.6,6.1,15.2,57.6,21.2,0.0,0.0,0.0
first_word,0.0,0.1,0.0,8.1,7.0,31.5,57.7,82.9,70.8,1.2,5.4,52.9,70.7,77.8,29.3,0.0,0.9,0.0,0.0,0.0,0.0,3.6,22.0,49.4,32.0,51.2,27.6,85.4,82.9,84.4,0.0,0.0,0.0
last_word,0.1,0.4,0.0,9.5,4.4,12.1,16.1,26.4,18.9,0.0,0.1,2.3,29.4,22.0,16.7,0.0,0.9,0.2,0.3,0.0,0.0,8.2,2.9,16.2,4.7,21.3,5.6,31.9,37.8,37.3,0.0,0.0,0.0
first_letter,0.0,0.0,0.0,0.1,0.0,26.6,44.9,46.3,88.3,0.0,0.2,52.6,88.5,36.0,90.6,0.0,0.0,0.0,0.0,0.0,0.0,8.3,1.5,73.5,37.9,46.3,43.9,86.5,82.0,86.4,0.0,0.0,0.0
last_letter,0.0,0.0,0.0,0.8,0.4,22.3,55.8,26.1,59.9,0.0,0.0,1.3,0.3,0.1,2.8,0.0,0.0,0.0,0.0,0.0,0.0,2.1,0.1,35.8,28.0,13.6,29.6,72.1,53.5,82.0,0.0,0.0,0.0
first_alphabetically_far_first_letter,0.0,0.0,0.0,0.1,14.3,0.0,17.0,24.5,38.2,3.8,51.1,14.5,46.3,52.1,49.7,0.1,24.1,2.3,0.0,0.0,0.0,39.5,35.4,16.3,46.3,49.3,48.7,47.5,48.4,0.3,0.0,6.2,0.0
first_alphabetically_different_first_letter,0.0,0.3,0.0,0.3,13.9,0.0,18.1,30.1,39.0,3.4,47.5,16.1,46.1,48.8,48.2,0.1,28.8,2.4,0.0,0.3,0.0,47.6,37.0,15.8,44.7,51.6,49.4,52.3,52.6,0.3,0.0,9.3,0.0
first_alphabetically_consecutive_first_letter,0.0,0.0,0.0,0.6,15.5,0.0,16.5,25.3,41.6,3.1,46.9,14.2,47.0,48.1,48.5,0.3,26.0,0.2,0.0,0.0,0.0,37.3,34.1,14.5,47.2,49.8,48.6,52.1,50.6,0.6,0.0,6.5,0.0
first_alphabetically_same_first_letter,0.2,0.2,0.0,1.1,19.2,0.0,14.4,23.4,37.7,7.1,44.5,18.2,46.4,49.4,48.6,0.3,27.6,0.5,0.0,0.0,0.0,44.0,40.4,27.6,44.9,49.1,47.1,54.3,54.5,1.2,0.2,7.7,0.2
any_words_from_category_5_distractors,0.0,0.0,0.0,65.9,61.1,8.2,97.5,97.2,100.0,99.5,100.0,100.0,100.0,100.0,88.5,0.0,0.0,0.0,0.0,0.0,0.0,6.2,9.3,78.5,98.8,97.2,99.1,94.4,87.8,96.0,0.0,0.0,0.0
any_words_from_category_4_distractors,0.1,0.2,0.5,8.2,15.2,22.6,4.7,7.8,0.0,2.5,0.0,0.0,0.0,0.1,7.9,99.9,99.9,99.8,1.1,7.6,6.1,96.6,96.8,27.9,5.5,4.1,0.4,13.4,32.3,20.8,1.0,0.3,0.0
any_words_from_category_3_distractors,0.4,0.6,0.8,20.3,24.7,12.9,8.5,17.3,0.0,3.9,0.2,0.0,0.2,0.5,5.9,100.0,100.0,99.8,2.6,9.6,9.1,98.8,99.0,42.4,9.5,7.5,2.4,40.7,61.9,51.8,0.9,0.4,0.0
all_words_from_category_0_distractors,0.1,0.5,0.0,25.7,22.9,20.4,14.1,8.2,1.0,71.0,53.4,5.1,8.1,5.7,4.3,99.7,99.9,98.1,4.8,17.0,0.4,97.7,95.5,75.4,17.4,10.1,5.2,73.3,77.5,68.6,6.4,3.9,0.1
all_words_from_category_1_distractors,0.0,0.0,0.0,58.4,67.9,51.9,96.4,99.7,100.0,62.0,78.8,99.6,99.1,98.8,99.4,0.0,0.0,0.0,0.0,0.0,0.0,6.5,10.9,43.9,82.1,92.7,97.5,44.7,27.1,55.9,0.0,0.0,0.0
all_words_from_category_2_distractors,0.0,0.0,0.0,77.9,81.1,68.0,99.3,100.0,100.0,72.7,83.7,99.9,100.0,100.0,100.0,0.0,0.0,0.0,0.0,0.0,0.0,16.6,20.3,59.1,88.3,96.7,98.5,78.7,54.2,80.6,0.0,0.0,0.0
rhyming_word_orthographically_similar,0.2,0.3,0.0,0.0,0.0,0.0,35.9,44.9,30.8,1.3,1.5,13.7,43.7,23.0,46.8,0.0,0.1,0.2,0.2,1.9,0.0,0.2,12.8,19.6,46.9,40.3,40.0,65.5,64.6,47.7,6.5,5.3,0.0
more_letters_length_diff_3plus,1.2,0.1,0.0,0.3,0.0,0.0,51.1,52.1,2.1,3.4,3.3,2.3,62.1,50.5,33.3,0.1,0.0,1.0,0.2,0.1,0.0,1.1,0.4,2.6,43.4,64.7,12.3,84.8,90.6,31.8,4.1,6.1,0.0
more_letters_length_diff_1,1.3,0.2,0.0,0.0,0.0,0.0,51.3,41.6,4.0,3.8,3.5,3.3,49.4,40.6,36.3,0.1,0.0,1.4,0.5,0.9,0.1,1.0,0.3,1.7,46.5,54.9,9.0,67.8,67.0,22.0,5.0,9.1,0.0
less_letters_length_diff_3plus,0.2,0.0,0.1,3.9,0.0,0.0,57.7,67.8,28.8,2.8,16.5,9.7,70.2,3.3,70.8,0.1,0.2,2.1,1.9,1.0,0.1,0.1,4.3,0.5,30.9,38.8,33.8,83.5,81.0,56.1,5.8,4.3,0.0
less_letters_length_diff_1,0.3,0.3,0.0,1.4,0.0,0.0,45.8,51.7,23.1,3.4,21.3,13.9,46.0,3.2,57.2,0.1,0.3,2.2,0.8,0.3,0.3,0.3,2.8,0.4,44.4,47.6,42.6,68.9,63.1,51.3,4.5,3.0,0.0
