task,ALLaM-7B-Instruct-preview,ALLaM-7B-Instruct-preview,ALLaM-7B-Instruct-preview,EuroLLM-1.7B-Instruct,EuroLLM-1.7B-Instruct,EuroLLM-1.7B-Instruct,gemma-3-1b,gemma-3-1b,gemma-3-1b,gemma-3-4b,gemma-3-4b,gemma-3-4b,Llama-3.1-8B-Instruct,Llama-3.1-8B-Instruct,Llama-3.1-8B-Instruct,Llama-3.2-3B-Instruct,Llama-3.2-3B-Instruct,Llama-3.2-3B-Instruct,Qwen2.5-1.5B-Instruct,Qwen2.5-1.5B-Instruct,Qwen2.5-1.5B-Instruct,Qwen2.5-3B-Instruct,Qwen2.5-3B-Instruct,Qwen2.5-3B-Instruct,salamandra-2b-instruct,salamandra-2b-instruct,salamandra-2b-instruct,SmolLM2-1.7B-Instruct,SmolLM2-1.7B-Instruct,SmolLM2-1.7B-Instruct,SmolLM2-360M-Instruct,SmolLM2-360M-Instruct,SmolLM2-360M-Instruct,ZharfaOpen-0309,ZharfaOpen-0309,ZharfaOpen-0309
,t0,t1,t2,t0,t1,t2,t0,t1,t2,t0,t1,t2,t0,t1,t2,t0,t1,t2,t0,t1,t2,t0,t1,t2,t0,t1,t2,t0,t1,t2,t0,t1,t2,t0,t1,t2
sentence_containing,93.6,93.7,94.5,88.3,85.4,89.2,94.2,93.3,94.9,98.0,98.0,98.2,95.7,94.2,95.9,93.7,93.5,93.1,84.6,83.9,81.4,85.6,87.2,85.1,76.0,75.2,73.5,87.1,85.4,87.3,79.6,61.0,72.4,85.0,84.5,84.1
sentence_not_containing,94.9,97.3,96.4,48.8,50.9,49.4,99.0,99.4,99.4,99.9,98.9,99.8,99.1,99.5,99.4,99.4,99.4,99.6,70.9,72.6,77.7,93.4,89.1,90.9,39.0,46.3,48.7,83.5,83.2,83.6,42.0,30.6,51.8,86.8,86.9,95.4
word_containing,96.2,65.4,96.2,15.4,38.5,11.5,96.2,100.0,100.0,100.0,100.0,100.0,100.0,92.3,100.0,84.6,96.2,100.0,100.0,96.2,100.0,100.0,92.3,100.0,100.0,88.5,96.2,84.6,92.3,69.2,73.1,61.5,57.7,80.8,84.6,84.6
word_not_containing,92.3,88.5,88.5,92.3,0.0,42.3,100.0,19.2,88.5,92.3,100.0,100.0,100.0,96.2,92.3,100.0,92.3,96.2,84.6,73.1,88.5,96.2,96.2,92.3,80.8,57.7,88.5,73.1,23.1,65.4,84.6,0.0,0.0,15.4,0.0,0.0
most_associated_word,93.8,96.5,99.8,85.6,46.7,88.9,91.8,81.3,87.8,99.1,100.0,100.0,92.4,41.6,89.0,57.3,67.4,92.0,5.8,3.3,98.0,23.7,11.8,71.9,0.3,0.0,3.9,40.5,30.4,30.7,25.1,0.0,6.5,93.3,0.0,50.4
least_associated_word,96.2,99.7,99.7,18.1,14.7,16.1,33.0,67.6,91.0,99.2,99.8,100.0,99.4,84.5,98.3,33.2,74.0,95.6,6.6,2.2,76.1,41.5,8.2,56.1,0.3,0.7,0.0,9.3,29.6,25.6,4.4,3.5,6.1,89.3,0.0,83.3
any_words_from_category,50.0,55.8,73.1,65.4,65.2,71.5,35.0,69.6,59.0,51.1,73.5,73.8,26.5,30.6,33.5,49.7,53.6,59.4,50.4,52.0,63.3,17.1,17.8,31.1,20.8,22.0,20.7,18.3,18.6,20.8,18.7,17.0,15.8,55.2,54.9,57.0
all_words_from_category,63.8,58.8,66.9,51.9,51.8,51.8,58.8,52.0,73.2,62.6,54.8,89.0,19.5,20.2,28.6,80.7,82.3,48.2,73.9,56.1,72.1,32.1,34.6,40.3,16.1,17.1,24.5,22.5,16.4,17.8,20.4,17.5,16.8,57.3,52.9,75.4
first_alphabetically,64.4,59.0,64.3,49.6,48.9,49.8,47.3,37.8,46.3,66.0,71.7,53.7,99.6,99.9,91.4,43.2,58.2,44.9,34.8,40.6,33.1,61.8,49.2,38.4,3.5,15.8,4.7,52.9,46.5,32.5,19.2,21.1,21.8,70.7,67.5,64.6
more_letters,85.1,83.9,72.7,54.1,51.9,53.7,1.6,18.1,1.5,64.4,32.5,41.2,88.1,86.1,86.7,57.2,76.6,65.5,37.2,44.0,61.5,67.6,55.5,58.3,11.0,24.9,3.9,28.4,29.3,26.1,26.7,23.9,11.6,67.2,15.2,61.9
less_letters,76.4,73.1,62.2,47.7,50.7,47.8,14.7,4.8,10.1,39.9,23.4,45.7,96.2,92.1,97.1,50.3,76.9,55.9,45.2,46.2,52.1,63.0,56.8,65.3,10.4,13.2,5.2,21.8,20.3,20.7,18.6,21.7,6.7,58.2,36.8,46.1
bigger_number,99.9,99.7,99.1,51.4,79.3,1.4,78.6,85.3,78.8,99.9,99.9,98.7,99.8,75.8,64.6,97.9,80.2,96.8,78.1,88.8,91.1,84.8,88.8,83.9,0.4,39.5,0.0,67.8,89.7,81.7,36.8,50.8,46.5,76.4,77.2,94.3
smaller_number,98.1,99.8,98.8,50.1,58.5,43.1,52.2,69.7,75.6,55.8,60.5,98.6,95.5,83.8,99.6,68.0,65.4,79.5,53.9,71.3,26.4,91.8,94.0,82.0,0.5,37.1,22.4,41.8,54.0,73.6,48.7,37.3,51.1,84.9,90.5,96.1
rhyming_word,75.4,74.1,54.2,0.0,9.6,49.2,2.7,0.0,16.9,10.9,79.7,51.1,1.1,7.0,30.7,1.3,28.9,24.4,0.1,0.9,24.3,0.6,21.2,15.9,0.4,1.5,7.3,19.3,15.0,18.5,1.0,11.0,17.4,27.9,25.9,52.4
homophones,45.4,59.9,64.1,0.0,29.1,33.2,15.5,1.9,0.1,0.4,28.6,85.6,0.2,61.3,33.6,16.2,50.0,48.1,1.1,52.9,27.6,1.4,41.9,14.8,0.0,3.2,0.2,11.6,45.2,40.8,38.1,37.1,10.8,20.0,36.8,38.2
word_after,84.6,73.6,83.0,32.1,0.5,19.0,46.1,47.8,36.2,84.1,82.8,60.2,98.2,89.5,94.9,48.8,48.0,47.1,33.1,9.0,21.1,32.7,18.9,14.6,11.7,5.2,6.4,15.7,7.6,13.3,2.2,2.9,2.4,70.7,0.0,56.8
word_before,31.4,18.9,33.7,8.3,0.2,5.2,9.9,17.2,11.2,36.9,42.6,27.9,71.8,47.4,53.6,23.2,18.6,22.7,13.0,3.0,8.3,14.5,4.2,9.4,2.7,1.6,3.5,1.9,0.7,2.4,2.0,0.7,0.6,11.7,0.1,14.2
starts_with_word,94.2,90.7,92.9,79.5,79.5,78.8,98.1,97.9,96.5,98.6,98.9,98.2,49.6,45.9,49.6,70.9,86.3,79.0,39.2,33.9,57.0,44.8,51.3,47.6,16.9,11.0,18.8,13.5,11.7,20.2,56.1,56.3,46.9,57.5,58.1,74.2
ends_with_word,37.2,32.0,29.3,2.2,8.2,1.2,42.9,43.4,37.5,77.1,81.1,75.1,89.7,94.7,88.9,87.2,89.3,78.1,6.9,8.0,7.9,37.8,34.1,32.7,8.8,10.6,12.1,7.5,20.5,7.7,5.1,8.5,2.7,3.7,7.3,3.8
starts_with_letter,100.0,100.0,100.0,80.8,38.5,84.6,100.0,100.0,100.0,100.0,100.0,100.0,100.0,92.3,100.0,100.0,100.0,100.0,100.0,92.3,100.0,100.0,92.3,100.0,92.3,84.6,76.9,88.5,88.5,88.5,92.3,57.7,100.0,19.2,11.5,7.7
ends_with_letter,65.2,65.2,69.6,4.3,0.0,0.0,34.8,56.5,8.7,95.7,91.3,91.3,100.0,100.0,91.3,91.3,91.3,91.3,8.7,17.4,26.1,39.1,47.8,65.2,4.3,8.7,4.3,13.0,17.4,39.1,0.0,0.0,0.0,4.3,4.3,0.0
first_word,97.2,99.1,83.8,85.0,96.0,69.2,91.2,83.7,69.0,100.0,100.0,100.0,81.4,99.2,64.5,79.5,92.8,74.1,97.7,89.6,67.1,23.1,60.4,35.4,7.1,2.3,8.1,32.1,32.1,23.2,3.4,29.1,0.5,98.3,99.7,80.2
last_word,90.6,89.6,89.3,53.0,52.4,45.9,55.4,63.3,26.6,93.0,90.7,91.9,56.0,98.8,55.2,80.7,89.8,82.5,80.8,81.9,20.8,24.6,39.7,25.5,5.9,8.2,6.8,25.1,27.6,15.1,9.6,12.3,7.7,72.7,84.9,18.8
first_letter,99.5,99.1,99.7,99.2,99.5,93.0,97.4,89.4,97.5,100.0,100.0,100.0,93.9,64.7,64.6,100.0,99.0,98.2,52.2,51.4,52.3,57.6,57.7,57.7,45.8,45.2,29.4,47.5,23.1,47.5,46.0,42.3,18.5,100.0,93.8,99.7
last_letter,73.6,71.7,71.5,58.1,37.3,55.9,41.0,29.5,41.5,95.5,89.3,96.2,99.0,97.5,98.8,94.9,98.7,97.3,37.1,31.1,14.5,46.2,43.2,40.8,18.8,9.6,15.0,34.4,28.3,16.7,10.8,9.3,4.9,75.2,62.5,42.0
first_alphabetically_far_first_letter,67.8,57.2,67.4,49.3,47.7,50.8,50.5,40.0,43.6,74.0,80.0,56.3,100.0,100.0,95.1,43.3,56.4,44.6,42.3,45.7,34.6,74.6,58.5,41.0,2.5,17.4,4.0,48.6,42.1,26.6,18.0,20.3,19.0,76.0,72.8,67.5
first_alphabetically_different_first_letter,61.4,55.5,62.8,49.6,49.6,50.1,44.6,37.0,44.3,66.1,69.4,53.3,99.5,99.7,93.7,45.7,57.6,43.0,39.7,43.6,30.7,67.5,54.9,39.4,3.1,16.6,3.4,48.1,46.0,30.6,21.1,22.1,23.1,72.1,69.1,64.6
first_alphabetically_consecutive_first_letter,56.8,54.2,55.1,50.5,49.5,49.8,44.8,37.9,44.7,56.2,58.5,51.4,98.7,99.4,90.8,44.1,57.3,43.7,36.5,42.1,28.6,57.4,46.6,37.7,2.9,18.0,4.6,48.0,44.8,28.8,22.3,21.5,22.9,70.5,67.4,61.6
first_alphabetically_same_first_letter,53.6,53.6,53.2,49.8,48.9,48.1,43.8,37.1,45.8,55.0,58.8,50.4,82.8,84.8,70.5,33.3,47.0,32.4,31.3,37.9,27.1,48.7,42.2,36.5,4.9,16.2,5.8,46.6,44.1,26.4,20.3,18.5,18.5,52.2,54.1,50.5
any_words_from_category_5_distractors,100.0,100.0,100.0,96.5,35.8,44.4,63.9,55.0,99.9,100.0,100.0,100.0,34.0,34.4,34.4,100.0,100.0,99.9,100.0,100.0,100.0,34.3,35.0,38.7,30.9,29.4,34.4,39.0,36.9,36.9,27.5,27.1,20.9,99.8,99.7,100.0
any_words_from_category_4_distractors,0.2,12.1,47.4,38.8,98.1,96.4,14.5,91.6,19.3,3.0,48.1,48.8,17.2,28.3,32.9,0.0,5.6,18.2,1.8,6.5,24.6,0.2,2.5,24.6,12.7,16.5,6.1,0.5,2.6,6.8,12.7,10.5,14.6,10.6,11.0,12.1
any_words_from_category_3_distractors,17.9,64.1,87.4,73.5,99.9,100.0,32.0,96.6,71.2,41.5,92.7,96.6,32.8,34.1,36.0,2.3,29.2,47.9,13.7,33.2,70.3,2.5,16.4,38.9,25.8,28.2,18.6,8.0,16.5,26.0,15.3,12.3,15.9,52.2,57.7,68.7
all_words_from_category_0_distractors,100.0,100.0,100.0,100.0,100.0,100.0,30.1,100.0,83.1,100.0,100.0,100.0,33.4,30.7,29.9,77.1,97.5,0.0,88.6,100.0,79.3,42.5,45.6,55.8,35.5,33.6,23.2,36.8,33.1,32.9,35.5,7.9,4.1,100.0,100.0,88.8
all_words_from_category_1_distractors,22.0,13.5,29.7,0.0,0.0,0.0,86.0,1.2,61.1,19.9,6.6,74.2,5.7,8.8,25.5,85.1,62.1,100.0,57.4,9.3,60.6,25.9,24.3,25.0,1.4,1.5,23.3,5.4,0.5,2.0,4.3,29.8,30.8,12.5,2.5,55.9
all_words_from_category_2_distractors,78.3,60.2,74.9,0.9,0.0,0.0,96.3,11.5,84.7,73.8,38.1,97.8,22.8,26.2,33.0,98.7,95.0,100.0,87.3,51.2,85.3,35.7,35.5,34.2,8.0,7.1,28.3,22.8,2.5,5.6,9.3,31.0,31.4,59.9,33.3,89.4
rhyming_word_orthographically_similar,76.6,75.4,53.6,0.0,8.5,51.5,3.3,0.1,15.7,11.0,86.2,53.8,1.2,10.0,30.2,2.1,34.2,26.4,0.0,1.3,24.7,0.5,24.1,18.5,0.2,1.2,8.6,19.5,14.3,18.7,0.9,7.5,16.5,27.0,28.3,55.1
rhyming_word_orthographically_different,56.9,55.3,47.8,0.0,8.5,49.4,3.2,0.0,13.0,6.6,58.1,49.9,0.3,4.2,20.6,0.6,28.3,20.6,0.0,1.1,20.7,0.4,15.9,14.0,0.4,1.3,5.7,16.9,14.5,17.9,0.7,6.7,16.8,19.0,20.8,45.8
more_letters_length_diff_3plus,98.3,98.5,90.1,56.7,57.3,58.3,3.0,14.7,0.8,73.3,34.2,47.3,88.7,84.8,76.9,54.9,79.4,62.5,36.5,49.6,66.8,80.3,67.2,58.1,12.3,26.3,2.0,30.2,34.5,30.9,22.3,23.4,10.4,76.2,22.0,71.9
more_letters_length_diff_1,81.2,80.9,70.8,52.0,53.2,52.8,3.2,19.7,2.6,51.4,22.0,39.7,69.8,75.0,63.5,45.5,70.8,53.5,29.3,33.8,56.9,62.6,58.0,51.0,8.4,17.8,1.9,23.0,23.5,21.8,20.6,20.6,8.9,57.0,14.5,55.7
less_letters_length_diff_3plus,93.0,87.5,73.4,41.6,49.0,43.5,16.0,3.3,7.9,32.7,27.0,45.6,97.4,98.9,95.5,42.2,73.2,50.6,44.0,44.3,59.9,65.4,62.4,74.5,8.1,11.9,3.0,22.6,20.2,20.8,18.3,19.7,7.1,61.5,40.4,47.1
less_letters_length_diff_1,67.4,64.8,59.0,44.8,49.5,44.1,15.6,5.8,10.8,24.2,18.4,43.2,91.2,85.2,94.3,47.6,72.5,54.5,48.6,49.4,54.7,60.0,55.8,65.6,9.0,12.9,3.7,22.0,20.1,20.0,21.2,20.7,8.6,56.8,37.8,45.5
